tag,x,y,direction,x_variance,y_variance,xy_covariance
yellow,-1.687314137049552,0.9609547898903967,0.0,0.000196,0.000196,0.0
yellow,-2.4844739212375737,0.8936029063579751,0.0,0.000196,0.000196,0.0
yellow,-3.28164414681784,0.8263747162582652,0.0,0.000196,0.000196,0.0
yellow,-4.078824162239359,0.7592627074766829,0.0,0.000196,0.000196,0.0
yellow,-4.876013543389172,0.692262037821335,0.0,0.000196,0.000196,0.0
yellow,-5.673211612692299,0.6253648229928197,0.0,0.000196,0.000196,0.0
yellow,-6.470417470773154,0.5585604909015592,0.0,0.000196,0.000196,0.0
yellow,-7.267630475413254,0.4918414958037054,0.0,0.000196,0.000196,0.0
yellow,-8.064850003352301,0.4252004903502753,0.0,0.000196,0.000196,0.0
yellow,-8.862075410597818,0.3586298535187488,0.0,0.000196,0.000196,0.0
yellow,-9.659306321852174,0.29212516285059015,0.0,0.000196,0.000196,0.0
yellow,-10.456541798486384,0.2256752231721941,0.0,0.000196,0.000196,0.0
yellow,-11.253781198906402,0.15927237567664249,0.0,0.000196,0.000196,0.0
yellow,-12.051023906210345,0.09290924223790867,0.0,0.000196,0.000196,0.0
yellow,-12.848269293802542,0.026578315219865558,0.0,0.000196,0.000196,0.0
yellow,-13.64551677728669,-0.03972741639773937,0.0,0.000196,0.000196,0.0
yellow,-14.44276568249043,-0.10601605142882409,0.0,0.000196,0.000196,0.0
yellow,-15.240015327537547,-0.17229578791059547,0.0,0.000196,0.000196,0.0
yellow,-16.037265096356162,-0.2385740356059801,0.0,0.000196,0.000196,0.0
yellow,-16.834514363455707,-0.3048583180276072,0.0,0.000196,0.000196,0.0
yellow,-17.63176250715563,-0.3711561109183954,0.0,0.000196,0.000196,0.0
yellow,-18.42900878514456,-0.4374763354531851,0.0,0.000196,0.000196,0.0
yellow,-19.22625261494348,-0.5038259829470624,0.0,0.000196,0.000196,0.0
yellow,-20.023493381986576,-0.5702124208496054,0.0,0.000196,0.000196,0.0
yellow,-20.82073057501557,-0.6366417651817945,0.0,0.000196,0.000196,0.0
yellow,-21.617964135053892,-0.7031146961861919,0.0,0.000196,0.000196,0.0
yellow,-22.415194145615484,-0.7696301840896854,0.0,0.000196,0.000196,0.0
yellow,-23.212420755550845,-0.8361864179502722,0.0,0.000196,0.000196,0.0
yellow,-24.009644236132164,-0.9027801251223072,0.0,0.000196,0.000196,0.0
yellow,-24.806864749674272,-0.9694093426007901,0.0,0.000196,0.000196,0.0
yellow,-25.604082465537314,-1.0360720261988576,0.0,0.000196,0.000196,0.0
yellow,-26.401297539480193,-1.1027662973226011,0.0,0.000196,0.000196,0.0
yellow,-27.19851003730963,-1.16949135440095,0.0,0.000196,0.000196,0.0
yellow,-27.995720223497845,-1.236244024425547,0.0,0.000196,0.000196,0.0
yellow,-28.79292828923606,-1.3030220136093298,0.0,0.000196,0.000196,0.0
yellow,-29.590134394783963,-1.3698233999026008,0.0,0.000196,0.000196,0.0
yellow,-30.38733871092768,-1.4366461376291293,0.0,0.000196,0.000196,0.0
yellow,-31.184541365222735,-1.503488698622813,0.0,0.000196,0.000196,0.0
yellow,-31.981742517654652,-1.5703491692757607,0.0,0.000196,0.000196,0.0
yellow,-32.77894238854236,-1.6372249184685999,0.0,0.000196,0.000196,0.0
yellow,-33.576141151145634,-1.7041138778171323,0.0,0.000196,0.000196,0.0
yellow,-34.37333896934657,-1.7710140918879946,0.0,0.000196,0.000196,0.0
yellow,-35.17053600071965,-1.8379236813653514,0.0,0.000196,0.000196,0.0
yellow,-35.9677324030923,-1.9048407646922116,0.0,0.000196,0.000196,0.0
yellow,-36.76492836154138,-1.9717631363658767,0.0,0.000196,0.000196,0.0
yellow,-37.562124067889734,-2.038688511068273,0.0,0.000196,0.000196,0.0
yellow,-38.359319664941495,-2.1056151876722446,0.0,0.000196,0.000196,0.0
yellow,-39.156515338814884,-2.172540949207647,0.0,0.000196,0.000196,0.0
yellow,-39.95371124693231,-2.239463920448151,0.0,0.000196,0.000196,0.0
yellow,-40.75090758902684,-2.3063817218756664,0.0,0.000196,0.000196,0.0
yellow,-41.54810451424649,-2.373292576094464,0.0,0.000196,0.000196,0.0
yellow,-42.34530218642209,-2.4401945302063033,0.0,0.000196,0.000196,0.0
yellow,-43.14250078457589,-2.507085449495268,0.0,0.000196,0.000196,0.0
yellow,-43.9397004595522,-2.5739635341012534,0.0,0.000196,0.000196,0.0
yellow,-44.73690144496825,-2.6408259961501366,0.0,0.000196,0.000196,0.0
yellow,-45.53410388116673,-2.7076711581468684,0.0,0.000196,0.000196,0.0
yellow,-46.33130791249212,-2.774497293629047,0.0,0.000196,0.000196,0.0
yellow,-47.128513708839414,-2.8413023698137736,0.0,0.000196,0.000196,0.0
yellow,-47.925721427655446,-2.908084500633287,0.0,0.000196,0.000196,0.0
yellow,-48.72293128357906,-2.9748411150237435,0.0,0.000196,0.000196,0.0
yellow,-49.520143495012924,-3.0415695937001246,0.0,0.000196,0.000196,0.0
yellow,-50.31735816520467,-3.1082686904708847,0.0,0.000196,0.000196,0.0
yellow,-51.11470337502584,-3.173361973473384,0.0,0.000196,0.000196,0.0
yellow,-51.91281554216415,-3.227929300997888,0.0,0.000196,0.000196,0.0
yellow,-52.712156650076764,-3.2585907833075605,0.0,0.000196,0.000196,0.0
yellow,-53.51197431948874,-3.250572384224549,0.0,0.000196,0.000196,0.0
yellow,-54.308829547018995,-3.1850715503519997,0.0,0.000196,0.000196,0.0
yellow,-54.913421296075605,-2.7181893044380967,0.0,0.000196,0.000196,0.0
yellow,-55.21645708680276,-1.9832525572323503,0.0,0.000196,0.000196,0.0
yellow,-55.31345679181247,-1.190364252176844,0.0,0.000196,0.000196,0.0
yellow,-55.25465456781213,-0.3949529685182274,0.0,0.000196,0.000196,0.0
yellow,-54.94905420835722,0.33769949525207765,0.0,0.000196,0.000196,0.0
yellow,-54.343636069840755,0.8346132811959073,0.0,0.000196,0.000196,0.0
yellow,-53.54973074167734,0.8458175023081713,0.0,0.000196,0.000196,0.0
yellow,-52.768617985509756,0.6745210802397368,0.0,0.000196,0.000196,0.0
yellow,-52.00283880575423,0.44337232563850104,0.0,0.000196,0.000196,0.0
yellow,-51.247154086809296,0.1808180262357325,0.0,0.000196,0.000196,0.0
yellow,-50.48054954263279,-0.0461783533267214,0.0,0.000196,0.000196,0.0
yellow,-49.692853618646936,-0.1795758291327495,0.0,0.000196,0.000196,0.0
yellow,-48.89500718597138,-0.1652606012772314,0.0,0.000196,0.000196,0.0
yellow,-48.117604891333634,0.01131670551830069,0.0,0.000196,0.000196,0.0
yellow,-47.401008890833644,0.3571576045616254,0.0,0.000196,0.000196,0.0
yellow,-46.80118507086182,0.87887514153985,0.0,0.000196,0.000196,0.0
yellow,-46.36489348434186,1.5454082829188454,0.0,0.000196,0.000196,0.0
yellow,-46.129109428558614,2.3071873791389375,0.0,0.000196,0.000196,0.0
yellow,-46.08302279960765,3.102386060856098,0.0,0.000196,0.000196,0.0
yellow,-46.22412437647816,3.885851457275076,0.0,0.000196,0.000196,0.0
yellow,-46.528115461660185,4.623588636285709,0.0,0.000196,0.000196,0.0
yellow,-46.95291966506991,5.300993051061883,0.0,0.000196,0.000196,0.0
yellow,-47.41764522552092,5.952093990149052,0.0,0.000196,0.000196,0.0
yellow,-47.89667917286809,6.59281177393194,0.0,0.000196,0.000196,0.0
yellow,-48.37603034605462,7.233293208697493,0.0,0.000196,0.000196,0.0
yellow,-48.84069720432569,7.8844552541641635,0.0,0.000196,0.000196,0.0
yellow,-49.27406950650215,8.556725627232808,0.0,0.000196,0.000196,0.0
yellow,-49.66122498806003,9.256552669722229,0.0,0.000196,0.000196,0.0
yellow,-49.997339783212155,9.982266005165087,0.0,0.000196,0.000196,0.0
yellow,-50.279372146448715,10.730638908438648,0.0,0.000196,0.000196,0.0
yellow,-50.50324552669554,11.498391406648,0.0,0.000196,0.000196,0.0
yellow,-50.665333186296905,12.281525726275357,0.0,0.000196,0.000196,0.0
yellow,-50.76937969612801,13.074524481591734,0.0,0.000196,0.000196,0.0
yellow,-50.82291007225192,13.872579046125965,0.0,0.000196,0.000196,0.0
yellow,-50.8337603083113,14.672393989722915,0.0,0.000196,0.000196,0.0
yellow,-50.8094967507871,15.47194731234492,0.0,0.000196,0.000196,0.0
yellow,-50.75711685629631,16.27017934264303,0.0,0.000196,0.000196,0.0
yellow,-50.68311793328258,17.066721165056922,0.0,0.000196,0.000196,0.0
yellow,-50.593641719231954,17.861690019735484,0.0,0.000196,0.000196,0.0
yellow,-50.494498354059296,18.655520243913763,0.0,0.000196,0.000196,0.0
yellow,-50.38880929314109,19.4485034814732,0.0,0.000196,0.000196,0.0
yellow,-50.2565485178544,20.237395863273953,0.0,0.000196,0.000196,0.0
yellow,-50.06313003801336,21.01333802399478,0.0,0.000196,0.000196,0.0
yellow,-49.80057517984768,21.768834894614713,0.0,0.000196,0.000196,0.0
yellow,-49.4907775274813,22.50632504629222,0.0,0.000196,0.000196,0.0
yellow,-49.14709404149362,23.228656637035023,0.0,0.000196,0.000196,0.0
yellow,-48.77174978463476,23.935048413682203,0.0,0.000196,0.000196,0.0
yellow,-48.36506537885922,24.62384701374486,0.0,0.000196,0.000196,0.0
yellow,-47.92218213269757,25.289871774610166,0.0,0.000196,0.000196,0.0
yellow,-47.435876070804056,25.92476471374299,0.0,0.000196,0.000196,0.0
yellow,-46.89817446649327,26.51659396314155,0.0,0.000196,0.000196,0.0
yellow,-46.30547882133397,27.053335774144543,0.0,0.000196,0.000196,0.0
yellow,-45.67158352889876,27.54106698178375,0.0,0.000196,0.000196,0.0
yellow,-45.01291519651562,27.994958695947986,0.0,0.000196,0.000196,0.0
yellow,-44.3356918095891,28.42066566098893,0.0,0.000196,0.000196,0.0
yellow,-43.640578547753925,28.816462902317667,0.0,0.000196,0.000196,0.0
yellow,-42.928135458763855,29.18011773747888,0.0,0.000196,0.000196,0.0
yellow,-42.199153299441974,29.509344260083797,0.0,0.000196,0.000196,0.0
yellow,-41.45556238161067,29.80417322854795,0.0,0.000196,0.000196,0.0
yellow,-40.70156340290752,30.071405990042948,0.0,0.000196,0.000196,0.0
yellow,-39.94105614296944,30.319608617466088,0.0,0.000196,0.000196,0.0
yellow,-39.17707997092143,30.556962157634302,0.0,0.000196,0.000196,0.0
yellow,-38.412269063930715,30.791619542045098,0.0,0.000196,0.000196,0.0
yellow,-37.64815866205001,31.028546082765143,0.0,0.000196,0.000196,0.0
yellow,-36.88500352182169,31.26853063564143,0.0,0.000196,0.000196,0.0
yellow,-36.122952314543596,31.511997389715575,0.0,0.000196,0.000196,0.0
yellow,-35.36215792432011,31.759364295315823,0.0,0.000196,0.000196,0.0
yellow,-34.60285534500711,32.0112728422471,0.0,0.000196,0.000196,0.0
yellow,-33.84500538954539,32.26751687553986,0.0,0.000196,0.000196,0.0
yellow,-33.08856887479905,32.527903565178406,0.0,0.000196,0.000196,0.0
yellow,-32.33350798454705,32.79225350186356,0.0,0.000196,0.000196,0.0
yellow,-31.579782463086808,33.060388673548275,0.0,0.000196,0.000196,0.0
yellow,-30.82740863897071,33.33229407444043,0.0,0.000196,0.000196,0.0
yellow,-30.076291689039852,33.607651783564094,0.0,0.000196,0.000196,0.0
yellow,-29.32636829245942,33.886243480619854,0.0,0.000196,0.000196,0.0
yellow,-28.577588913077914,34.16789593438809,0.0,0.000196,0.000196,0.0
yellow,-27.829902113951217,34.45243690481142,0.0,0.000196,0.000196,0.0
yellow,-27.083283006319206,34.739768268384104,0.0,0.000196,0.000196,0.0
yellow,-26.33763325949808,35.02960579006808,0.0,0.000196,0.000196,0.0
yellow,-25.59283841240807,35.32163312606327,0.0,0.000196,0.000196,0.0
yellow,-24.848806992610005,35.61560034927729,0.0,0.000196,0.000196,0.0
yellow,-24.105445381037256,35.911257586863925,0.0,0.000196,0.000196,0.0
yellow,-23.362664673176,36.2083714822903,0.0,0.000196,0.000196,0.0
yellow,-22.620372660509787,36.50670427291913,0.0,0.000196,0.000196,0.0
yellow,-21.878446036485688,36.8059446288536,0.0,0.000196,0.000196,0.0
yellow,-21.13678492886479,37.105842536922985,0.0,0.000196,0.000196,0.0
yellow,-20.395299733573673,37.406175157528864,0.0,0.000196,0.000196,0.0
yellow,-19.6540331224574,37.70704680797812,0.0,0.000196,0.000196,0.0
yellow,-18.913206650788258,38.00900042060994,0.0,0.000196,0.000196,0.0
yellow,-18.17302713570369,38.31253601220788,0.0,0.000196,0.000196,0.0
yellow,-17.43369829685278,38.618137078190664,0.0,0.000196,0.000196,0.0
yellow,-16.69543157716232,38.9262945031413,0.0,0.000196,0.000196,0.0
yellow,-15.958442644946938,39.23749539163936,0.0,0.000196,0.000196,0.0
yellow,-15.223009145467199,39.55235444821333,0.0,0.000196,0.000196,0.0
yellow,-14.489375963254215,39.87138429624878,0.0,0.000196,0.000196,0.0
yellow,-13.757736131476635,40.19495726506118,0.0,0.000196,0.000196,0.0
yellow,-13.028229834831803,40.52331224489417,0.0,0.000196,0.000196,0.0
yellow,-12.300693841228597,40.856012308319364,0.0,0.000196,0.000196,0.0
yellow,-11.574507720635353,41.191651546768675,0.0,0.000196,0.000196,0.0
yellow,-10.842755837445072,41.51487391506171,0.0,0.000196,0.000196,0.0
yellow,-10.093889655556904,41.79562005797683,0.0,0.000196,0.000196,0.0
yellow,-9.321701352440732,41.72040942753327,0.0,0.000196,0.000196,0.0
yellow,-8.601392688883788,41.38513956075795,0.0,0.000196,0.000196,0.0
yellow,-8.427783953818848,40.6045597924318,0.0,0.000196,0.000196,0.0
yellow,-8.311003465697405,39.8132272297488,0.0,0.000196,0.000196,0.0
yellow,-8.203335903720863,39.02051003156218,0.0,0.000196,0.000196,0.0
yellow,-8.086649738377584,38.22907323373203,0.0,0.000196,0.000196,0.0
yellow,-7.959697756132466,37.439215892730985,0.0,0.000196,0.000196,0.0
yellow,-7.822623341032263,36.65105158765925,0.0,0.000196,0.000196,0.0
yellow,-7.677670197175897,35.864297675796784,0.0,0.000196,0.000196,0.0
yellow,-7.526658200349809,35.07868225225157,0.0,0.000196,0.000196,0.0
yellow,-7.371417744594112,34.29388981732505,0.0,0.000196,0.000196,0.0
yellow,-7.213773832352121,33.50957596056733,0.0,0.000196,0.000196,0.0
yellow,-7.054994439196365,32.72549112248951,0.0,0.000196,0.000196,0.0
yellow,-6.895468421608641,31.94155783693219,0.0,0.000196,0.000196,0.0
yellow,-6.73544267453609,31.157726388583058,0.0,0.000196,0.000196,0.0
yellow,-6.5751648497156685,30.373946434287017,0.0,0.000196,0.000196,0.0
yellow,-6.414883305413889,29.590167240354038,0.0,0.000196,0.000196,0.0
yellow,-6.2548680846367715,28.806333637605583,0.0,0.000196,0.000196,0.0
yellow,-6.095381362745863,28.02239235205728,0.0,0.000196,0.000196,0.0
yellow,-5.936669108818672,27.23829394726299,0.0,0.000196,0.000196,0.0
yellow,-5.778978284313121,26.453989530099225,0.0,0.000196,0.000196,0.0
yellow,-5.622208959037992,25.669500303878042,0.0,0.000196,0.000196,0.0
yellow,-5.4648682710130565,24.88512558353765,0.0,0.000196,0.000196,0.0
yellow,-5.304681615027901,24.101327817846524,0.0,0.000196,0.000196,0.0
yellow,-5.139680920771133,23.318531307105225,0.0,0.000196,0.000196,0.0
yellow,-4.967807596222905,22.537218604286203,0.0,0.000196,0.000196,0.0
yellow,-4.782390071051122,21.759044490627808,0.0,0.000196,0.000196,0.0
yellow,-4.561337267890883,20.99032854993737,0.0,0.000196,0.000196,0.0
yellow,-4.2847550124773015,20.24006406506938,0.0,0.000196,0.000196,0.0
yellow,-3.9500986162892646,19.513706364912608,0.0,0.000196,0.000196,0.0
yellow,-3.5534770502216086,18.819197286644098,0.0,0.000196,0.000196,0.0
yellow,-3.108720851502142,18.154563529878935,0.0,0.000196,0.000196,0.0
yellow,-2.6232920811927967,17.518811485898958,0.0,0.000196,0.000196,0.0
yellow,-2.105971561248293,16.908669126913534,0.0,0.000196,0.000196,0.0
yellow,-1.5594566621726174,16.324744234103605,0.0,0.000196,0.000196,0.0
yellow,-0.9726126773198407,15.781455158490427,0.0,0.000196,0.000196,0.0
yellow,-0.3322574899179229,15.302742925559928,0.0,0.000196,0.000196,0.0
yellow,0.3482174631107447,14.882786501904642,0.0,0.000196,0.000196,0.0
yellow,1.059214133353581,14.516352990696953,0.0,0.000196,0.000196,0.0
yellow,1.7896009197746083,14.190392451716008,0.0,0.000196,0.000196,0.0
yellow,2.5386561914738652,13.910182105162335,0.0,0.000196,0.000196,0.0
yellow,3.308716994034862,13.694409023190206,0.0,0.000196,0.000196,0.0
yellow,4.093146614495425,13.538869652730257,0.0,0.000196,0.000196,0.0
yellow,4.885752534882956,13.431182081475093,0.0,0.000196,0.000196,0.0
yellow,5.682867627880768,13.364296145191101,0.0,0.000196,0.000196,0.0
yellow,6.4823294713729185,13.343273686677394,0.0,0.000196,0.000196,0.0
yellow,7.2812471997772805,13.379721279724567,0.0,0.000196,0.000196,0.0
yellow,8.073656408862636,13.488172777141914,0.0,0.000196,0.000196,0.0
yellow,8.857548291952098,13.646923804107148,0.0,0.000196,0.000196,0.0
yellow,9.632903822859372,13.843706034924315,0.0,0.000196,0.000196,0.0
yellow,10.395685205018303,14.084376968855196,0.0,0.000196,0.000196,0.0
yellow,11.139017161712498,14.378977040924429,0.0,0.000196,0.000196,0.0
yellow,11.853179877807014,14.738744877957373,0.0,0.000196,0.000196,0.0
yellow,12.532326832162958,15.160939060046207,0.0,0.000196,0.000196,0.0
yellow,13.18083935595404,15.62899940375451,0.0,0.000196,0.000196,0.0
yellow,13.800237615032275,16.135161832119998,0.0,0.000196,0.000196,0.0
yellow,14.396783867280812,16.668102060808465,0.0,0.000196,0.000196,0.0
yellow,14.976827267684582,17.218986050241153,0.0,0.000196,0.000196,0.0
yellow,15.537573038129118,17.7894737113518,0.0,0.000196,0.000196,0.0
yellow,16.06567525258567,18.39023010423691,0.0,0.000196,0.000196,0.0
yellow,16.59012022938231,18.993819400214672,0.0,0.000196,0.000196,0.0
yellow,17.20735526207196,19.501158188556936,0.0,0.000196,0.000196,0.0
yellow,17.870613327853818,19.948187211627676,0.0,0.000196,0.000196,0.0
yellow,18.568546886748234,20.33870199184318,0.0,0.000196,0.000196,0.0
yellow,19.30303429552725,20.654693512440303,0.0,0.000196,0.000196,0.0
yellow,20.070673304214534,20.87732434028969,0.0,0.000196,0.000196,0.0
yellow,20.86216369462819,20.985079044643925,0.0,0.000196,0.000196,0.0
yellow,21.660596547962296,20.95687049801969,0.0,0.000196,0.000196,0.0
yellow,22.452201283484886,20.843322419926373,0.0,0.000196,0.000196,0.0
yellow,23.230923315141208,20.66165299346213,0.0,0.000196,0.000196,0.0
yellow,23.988283478137284,20.405090911720517,0.0,0.000196,0.000196,0.0
yellow,24.7216168932685,20.08585399274906,0.0,0.000196,0.000196,0.0
yellow,25.433005216168052,19.720222118779475,0.0,0.000196,0.000196,0.0
yellow,26.113452628819893,19.30011930515658,0.0,0.000196,0.000196,0.0
yellow,26.743511136900903,18.807857920869303,0.0,0.000196,0.000196,0.0
yellow,27.322467242601746,18.255969508776655,0.0,0.000196,0.000196,0.0
yellow,27.871277015326104,17.673940941552004,0.0,0.000196,0.000196,0.0
yellow,28.405612873219237,17.078567644790294,0.0,0.000196,0.000196,0.0
yellow,28.934834195511144,16.478631135758867,0.0,0.000196,0.000196,0.0
yellow,29.46398959107567,15.878635708781868,0.0,0.000196,0.000196,0.0
yellow,29.993575239409186,15.279019993063542,0.0,0.000196,0.000196,0.0
yellow,30.523509585607595,14.679712415205792,0.0,0.000196,0.000196,0.0
yellow,31.053717104972055,14.080646492502693,0.0,0.000196,0.000196,0.0
yellow,31.584105610035024,13.481740798772721,0.0,0.000196,0.000196,0.0
yellow,32.114587933294644,12.882918200756432,0.0,0.000196,0.000196,0.0
yellow,32.64508241933687,12.284106377240596,0.0,0.000196,0.000196,0.0
yellow,33.175507426274116,11.685233010636539,0.0,0.000196,0.000196,0.0
yellow,33.705779724886874,11.086224426212688,0.0,0.000196,0.000196,0.0
yellow,34.235801410070074,10.486994085254675,0.0,0.000196,0.000196,0.0
yellow,34.76549763963647,9.8874760489916,0.0,0.000196,0.000196,0.0
yellow,35.294786059022705,9.287597961701966,0.0,0.000196,0.000196,0.0
yellow,35.82358414062995,8.687287606609763,0.0,0.000196,0.000196,0.0
yellow,36.35180902742668,8.086472825152656,0.0,0.000196,0.000196,0.0
yellow,36.87935633155093,7.48506300252857,0.0,0.000196,0.000196,0.0
yellow,37.40613698240492,6.882981583429805,0.0,0.000196,0.000196,0.0
yellow,37.93208413843499,6.280171983942915,0.0,0.000196,0.000196,0.0
yellow,38.45711352766448,5.676562907909741,0.0,0.000196,0.000196,0.0
yellow,38.98114680782578,5.072088837851717,0.0,0.000196,0.000196,0.0
yellow,39.50427000736411,4.466826873961848,0.0,0.000196,0.000196,0.0
yellow,40.02692736231308,3.8611625398923004,0.0,0.000196,0.000196,0.0
yellow,40.54967072318426,3.255572449595216,0.0,0.000196,0.000196,0.0
yellow,41.07299785186552,2.650486875562314,0.0,0.000196,0.000196,0.0
yellow,41.59740131240823,2.0463340975133746,0.0,0.000196,0.000196,0.0
yellow,42.123436250487366,1.4436015407749945,0.0,0.000196,0.000196,0.0
yellow,42.65186325781,0.8429652957710232,0.0,0.000196,0.000196,0.0
yellow,43.17811391815953,0.2404399218769729,0.0,0.000196,0.000196,0.0
yellow,43.67498527865734,-0.38625977799505373,0.0,0.000196,0.000196,0.0
yellow,44.09345826515914,-1.0664678427166423,0.0,0.000196,0.000196,0.0
yellow,44.04672497415789,-1.8184382924282372,0.0,0.000196,0.000196,0.0
yellow,43.68323163968881,-2.530956934362454,0.0,0.000196,0.000196,0.0
yellow,43.35486710851877,-3.2604327590225717,0.0,0.000196,0.000196,0.0
yellow,43.01576995011152,-3.9849933664263384,0.0,0.000196,0.000196,0.0
yellow,42.67300798003189,-4.707841993063425,0.0,0.000196,0.000196,0.0
yellow,42.33690642861673,-5.433809818624849,0.0,0.000196,0.000196,0.0
yellow,41.999905277214715,-6.159358248516425,0.0,0.000196,0.000196,0.0
yellow,41.652167488125315,-6.879829173482229,0.0,0.000196,0.000196,0.0
yellow,41.334998393873576,-7.614091798052728,0.0,0.000196,0.000196,0.0
yellow,40.84307098052538,-8.207293405951834,0.0,0.000196,0.000196,0.0
yellow,40.124351567460295,-8.556330722569896,0.0,0.000196,0.000196,0.0
yellow,39.339906254396986,-8.695113220877197,0.0,0.000196,0.000196,0.0
yellow,38.54025552585818,-8.71455671252601,0.0,0.000196,0.000196,0.0
yellow,37.74050894042082,-8.73404131919946,0.0,0.000196,0.000196,0.0
yellow,36.94111042199141,-8.764903196129909,0.0,0.000196,0.000196,0.0
yellow,36.14190806643571,-8.800614141193698,0.0,0.000196,0.000196,0.0
yellow,35.3427235771452,-8.836726793133115,0.0,0.000196,0.000196,0.0
yellow,34.54346784171815,-8.87122000899533,0.0,0.000196,0.000196,0.0
yellow,33.7440763342529,-8.902384193929263,0.0,0.000196,0.000196,0.0
yellow,32.944505800186704,-8.928503831290376,0.0,0.000196,0.000196,0.0
yellow,32.14477797050477,-8.949325505445339,0.0,0.000196,0.000196,0.0
yellow,31.345120208582994,-8.972530329728341,0.0,0.000196,0.000196,0.0
yellow,30.54605717060404,-9.010790961942412,0.0,0.000196,0.000196,0.0
yellow,29.74817377764033,-9.068657040216998,0.0,0.000196,0.000196,0.0
yellow,28.951257484989934,-9.138757165567466,0.0,0.000196,0.000196,0.0
yellow,28.15487165946997,-9.21470042555767,0.0,0.000196,0.000196,0.0
yellow,27.35887693717504,-9.294645100397643,0.0,0.000196,0.000196,0.0
yellow,26.563272754013234,-9.378389162108526,0.0,0.000196,0.000196,0.0
yellow,25.768018119459384,-9.465388842557639,0.0,0.000196,0.000196,0.0
yellow,24.973082109670653,-9.555253865958841,0.0,0.000196,0.000196,0.0
yellow,24.178433064988948,-9.647623670722599,0.0,0.000196,0.000196,0.0
yellow,23.384035967763534,-9.742137547887525,0.0,0.000196,0.000196,0.0
yellow,22.58985841393497,-9.838479738899123,0.0,0.000196,0.000196,0.0
yellow,21.795853920624815,-9.936238146937226,0.0,0.000196,0.000196,0.0
yellow,21.00197614203603,-10.035020563039986,0.0,0.000196,0.000196,0.0
yellow,20.20819774171965,-10.134598561599656,0.0,0.000196,0.000196,0.0
yellow,19.414503384906563,-10.234844388013437,0.0,0.000196,0.000196,0.0
yellow,18.620878822940295,-10.335641393197747,0.0,0.000196,0.000196,0.0
yellow,17.82731009561707,-10.436877079489868,0.0,0.000196,0.000196,0.0
yellow,17.033778687571758,-10.538404894500639,0.0,0.000196,0.000196,0.0
yellow,16.240269262372166,-10.640104404093053,0.0,0.000196,0.000196,0.0
yellow,15.446766400495928,-10.74185511949824,0.0,0.000196,0.000196,0.0
yellow,14.653254638952653,-10.843536398471207,0.0,0.000196,0.000196,0.0
yellow,13.859717089176229,-10.945016208366999,0.0,0.000196,0.000196,0.0
yellow,13.066144722429494,-11.046223382286065,0.0,0.000196,0.000196,0.0
yellow,12.272547506535373,-11.147235539102267,0.0,0.000196,0.000196,0.0
yellow,11.478937902790625,-11.248150337251483,0.0,0.000196,0.000196,0.0
yellow,10.685328370516196,-11.349065697240327,0.0,0.000196,0.000196,0.0
yellow,9.891731496594657,-11.450080547559457,0.0,0.000196,0.000196,0.0
yellow,9.09816175546666,-11.551308313046842,0.0,0.000196,0.000196,0.0
yellow,8.304631102572337,-11.652841990108985,0.0,0.000196,0.000196,0.0
yellow,7.511152187365237,-11.754779138864842,0.0,0.000196,0.000196,0.0
yellow,6.717737819374219,-11.857217413823161,0.0,0.000196,0.000196,0.0
yellow,5.924397992360507,-11.960231439413917,0.0,0.000196,0.000196,0.0
yellow,5.131075859542288,-12.063381715963436,0.0,0.000196,0.000196,0.0
yellow,4.337619468843579,-12.165492902155703,0.0,0.000196,0.000196,0.0
yellow,3.543885298519983,-12.265418203537259,0.0,0.000196,0.000196,0.0
yellow,2.7497388877229136,-12.362006616380537,0.0,0.000196,0.000196,0.0
yellow,1.9552245255439025,-12.455522018143139,0.0,0.000196,0.000196,0.0
yellow,1.1619106861427324,-12.558565757396659,0.0,0.000196,0.000196,0.0
yellow,0.37501206736490134,-12.701148501119546,0.0,0.000196,0.000196,0.0
yellow,-0.3657723772101947,-12.987985822357903,0.0,0.000196,0.000196,0.0
yellow,-0.959161556164758,-13.503421128360221,0.0,0.000196,0.000196,0.0
yellow,-1.3578480009971843,-14.186659154248387,0.0,0.000196,0.000196,0.0
yellow,-1.5729098124940784,-14.95440858141263,0.0,0.000196,0.000196,0.0
yellow,-1.609001873212861,-15.751194798588067,0.0,0.000196,0.000196,0.0
yellow,-1.3979465470117276,-16.521019147114394,0.0,0.000196,0.000196,0.0
yellow,-0.9236843109972064,-17.16312432442427,0.0,0.000196,0.000196,0.0
yellow,-0.3079893134790711,-17.67270325066889,0.0,0.000196,0.000196,0.0
yellow,0.3567020273052278,-18.11732880702968,0.0,0.000196,0.000196,0.0
yellow,1.0448836061065894,-18.525218770202457,0.0,0.000196,0.000196,0.0
yellow,1.733139988706298,-18.93300485580598,0.0,0.000196,0.000196,0.0
yellow,2.415862117467195,-19.34999429007943,0.0,0.000196,0.000196,0.0
yellow,3.0952579982432074,-19.772390952573833,0.0,0.000196,0.000196,0.0
yellow,3.7737712847148184,-20.19620638665668,0.0,0.000196,0.000196,0.0
yellow,4.453661759229039,-20.617807137340584,0.0,0.000196,0.000196,0.0
yellow,5.1273427941874,-21.0491507921574,0.0,0.000196,0.000196,0.0
yellow,5.75221048767742,-21.54713066632168,0.0,0.000196,0.000196,0.0
yellow,6.2777591064404685,-22.148809951096073,0.0,0.000196,0.000196,0.0
yellow,6.726832029961855,-22.81043504648915,0.0,0.000196,0.000196,0.0
yellow,7.120462025658894,-23.506385901606137,0.0,0.000196,0.000196,0.0
yellow,7.413087595513664,-24.249352876087702,0.0,0.000196,0.000196,0.0
yellow,7.546339900271457,-25.037025197966646,0.0,0.000196,0.000196,0.0
yellow,7.5918022412865005,-25.835629220792082,0.0,0.000196,0.000196,0.0
yellow,7.608311914845581,-26.63543614451299,0.0,0.000196,0.000196,0.0
yellow,7.599357825234815,-27.435347499503457,0.0,0.000196,0.000196,0.0
yellow,7.560526258043645,-28.23433961001398,0.0,0.000196,0.000196,0.0
yellow,7.487077592337413,-29.030866197472573,0.0,0.000196,0.000196,0.0
yellow,7.374779160531393,-29.822822799398477,0.0,0.000196,0.000196,0.0
yellow,7.222367745682804,-30.60804259221049,0.0,0.000196,0.000196,0.0
yellow,7.030794101510289,-31.38463612215784,0.0,0.000196,0.000196,0.0
yellow,6.800825029304294,-32.15073668165125,0.0,0.000196,0.000196,0.0
yellow,6.532904337612739,-32.90440236536901,0.0,0.000196,0.000196,0.0
yellow,6.228966059979406,-33.64430792103981,0.0,0.000196,0.000196,0.0
yellow,5.896421993510243,-34.371858742957656,0.0,0.000196,0.000196,0.0
yellow,5.542696628510435,-35.08936995503069,0.0,0.000196,0.000196,0.0
yellow,5.164814145112841,-35.794426066012946,0.0,0.000196,0.000196,0.0
yellow,4.753221383998616,-36.48031596936703,0.0,0.000196,0.000196,0.0
yellow,4.308997603352374,-37.14559924769838,0.0,0.000196,0.000196,0.0
yellow,3.8465477348075154,-37.79838142905212,0.0,0.000196,0.000196,0.0
yellow,3.357484866829056,-38.431143803993685,0.0,0.000196,0.000196,0.0
yellow,2.751184664497517,-38.944890422797705,0.0,0.000196,0.000196,0.0
yellow,1.9639719691085764,-39.02568627984019,0.0,0.000196,0.000196,0.0
yellow,1.1812648495662963,-38.8917874159544,0.0,0.000196,0.000196,0.0
yellow,0.5341056581269338,-38.425084781248096,0.0,0.000196,0.000196,0.0
yellow,-0.08921996260956094,-37.92362528301287,0.0,0.000196,0.000196,0.0
yellow,-0.7088576178669437,-37.4176148648955,0.0,0.000196,0.000196,0.0
yellow,-1.3261431618989423,-36.908736162676206,0.0,0.000196,0.000196,0.0
yellow,-1.9423875876098975,-36.39859624103474,0.0,0.000196,0.000196,0.0
yellow,-2.5587704513319607,-35.88862361554707,0.0,0.000196,0.000196,0.0
yellow,-3.175700235535838,-35.37931271562805,0.0,0.000196,0.000196,0.0
yellow,-3.7931033664043006,-34.87057571039181,0.0,0.000196,0.000196,0.0
yellow,-4.410855002720681,-34.362261941994134,0.0,0.000196,0.000196,0.0
yellow,-5.028857471008112,-33.854253147831415,0.0,0.000196,0.000196,0.0
yellow,-5.647012820816117,-33.346430383264384,0.0,0.000196,0.000196,0.0
yellow,-6.265223375049092,-32.838674821429834,0.0,0.000196,0.000196,0.0
yellow,-6.883385671561209,-32.33086051159201,0.0,0.000196,0.000196,0.0
yellow,-7.5013943078713385,-31.822859217123355,0.0,0.000196,0.000196,0.0
yellow,-8.119155062290952,-31.314556528705502,0.0,0.000196,0.000196,0.0
yellow,-8.736639431062322,-30.80591811720937,0.0,0.000196,0.000196,0.0
yellow,-9.353920448760503,-30.297032925492097,0.0,0.000196,0.000196,0.0
yellow,-9.971087357367749,-29.788009344460274,0.0,0.000196,0.000196,0.0
yellow,-10.58823481594542,-29.2789621814427,0.0,0.000196,0.000196,0.0
yellow,-11.20545787338959,-28.77000668908068,0.0,0.000196,0.000196,0.0
yellow,-11.822845707262456,-28.261251101867927,0.0,0.000196,0.000196,0.0
yellow,-12.440487504409766,-27.7528038765221,0.0,0.000196,0.000196,0.0
yellow,-13.058472513398442,-27.24477386529757,0.0,0.000196,0.000196,0.0
yellow,-13.67690861000019,-26.73729307796445,0.0,0.000196,0.000196,0.0
yellow,-14.295837178130592,-26.230413030212848,0.0,0.000196,0.000196,0.0
yellow,-14.9148109137825,-25.723588132855987,0.0,0.000196,0.000196,0.0
yellow,-15.533072570133376,-25.215895219729607,0.0,0.000196,0.000196,0.0
yellow,-16.149846972609993,-24.70639717502357,0.0,0.000196,0.000196,0.0
yellow,-16.764363164809346,-24.194177936080177,0.0,0.000196,0.000196,0.0
yellow,-17.379446863006628,-23.682657169316997,0.0,0.000196,0.000196,0.0
yellow,-18.01844546080383,-23.201902913329317,0.0,0.000196,0.000196,0.0
yellow,-18.70056638594501,-22.785106543083298,0.0,0.000196,0.000196,0.0
yellow,-19.435460294700988,-22.471267792273984,0.0,0.000196,0.000196,0.0
yellow,-20.20203931536806,-22.2443873018888,0.0,0.000196,0.000196,0.0
yellow,-20.989633936800644,-22.10636621688065,0.0,0.000196,0.000196,0.0
yellow,-21.78647325663823,-22.041546827251853,0.0,0.000196,0.000196,0.0
yellow,-22.584846190144255,-22.079342605276214,0.0,0.000196,0.000196,0.0
yellow,-23.372060874586207,-22.216572767079896,0.0,0.000196,0.000196,0.0
yellow,-24.13156784742764,-22.46624450105917,0.0,0.000196,0.000196,0.0
yellow,-24.864409109964267,-22.78610827406792,0.0,0.000196,0.000196,0.0
yellow,-25.573746736015487,-23.15582487108844,0.0,0.000196,0.000196,0.0
yellow,-26.266707245054516,-23.555482667806796,0.0,0.000196,0.000196,0.0
yellow,-26.95088525345553,-23.97007256971889,0.0,0.000196,0.000196,0.0
yellow,-27.63417662075054,-24.386130452132488,0.0,0.000196,0.000196,0.0
yellow,-28.325697553411448,-24.788282326889938,0.0,0.000196,0.000196,0.0
yellow,-29.032661570260384,-25.162602312989414,0.0,0.000196,0.000196,0.0
yellow,-29.75136502285413,-25.513946343340024,0.0,0.000196,0.000196,0.0
yellow,-30.475151238824257,-25.854722172291112,0.0,0.000196,0.000196,0.0
yellow,-31.20373962552689,-26.185067552569077,0.0,0.000196,0.000196,0.0
yellow,-31.94125694284812,-26.49484636383515,0.0,0.000196,0.000196,0.0
yellow,-32.694287787559155,-26.764053079103668,0.0,0.000196,0.000196,0.0
yellow,-33.47167076444338,-26.9490770415205,0.0,0.000196,0.000196,0.0
yellow,-34.26778655856639,-27.02187813371066,0.0,0.000196,0.000196,0.0
yellow,-35.067565836731156,-27.03853105997854,0.0,0.000196,0.000196,0.0
yellow,-35.8675493055988,-27.041484880363562,0.0,0.000196,0.000196,0.0
yellow,-36.66732409655976,-27.025125160408347,0.0,0.000196,0.000196,0.0
yellow,-37.46553575614892,-26.97396052134093,0.0,0.000196,0.000196,0.0
yellow,-38.25855558698902,-26.870763752302118,0.0,0.000196,0.000196,0.0
yellow,-39.039533717720616,-26.69930105249502,0.0,0.000196,0.000196,0.0
yellow,-39.80275624630975,-26.460573327171456,0.0,0.000196,0.000196,0.0
yellow,-40.54666001640645,-26.166908909145707,0.0,0.000196,0.000196,0.0
yellow,-41.267375045802794,-25.82038043653484,0.0,0.000196,0.000196,0.0
yellow,-41.95504720008835,-25.412428797124758,0.0,0.000196,0.000196,0.0
yellow,-42.603551415452124,-24.944504855336714,0.0,0.000196,0.000196,0.0
yellow,-43.21971015527043,-24.434491628616282,0.0,0.000196,0.000196,0.0
yellow,-43.80915362438277,-23.893813256398822,0.0,0.000196,0.000196,0.0
yellow,-44.36398625270702,-23.317824118064,0.0,0.000196,0.000196,0.0
yellow,-44.86501269515978,-22.694975239348704,0.0,0.000196,0.000196,0.0
yellow,-45.25984073764843,-22.000479765626302,0.0,0.000196,0.000196,0.0
yellow,-45.588152802178335,-21.271104140776817,0.0,0.000196,0.000196,0.0
yellow,-45.80262348340471,-20.503263487342533,0.0,0.000196,0.000196,0.0
yellow,-45.75383954493772,-19.709074621076315,0.0,0.000196,0.000196,0.0
yellow,-45.49639056557539,-18.953281117568842,0.0,0.000196,0.000196,0.0
yellow,-44.99877499992132,-18.346054808102743,0.0,0.000196,0.000196,0.0
yellow,-44.25501288470282,-18.063861085133485,0.0,0.000196,0.000196,0.0
yellow,-43.46928908732139,-17.91439683091576,0.0,0.000196,0.000196,0.0
yellow,-42.68125322679696,-17.77660872086616,0.0,0.000196,0.000196,0.0
yellow,-41.89493334357582,-17.629307687981026,0.0,0.000196,0.000196,0.0
yellow,-41.10934880124421,-17.478123992450254,0.0,0.000196,0.000196,0.0
yellow,-40.324009884912535,-17.325668574571935,0.0,0.000196,0.000196,0.0
yellow,-39.53880863008328,-17.17250539803438,0.0,0.000196,0.000196,0.0
yellow,-38.75364925973081,-17.01912755894788,0.0,0.000196,0.000196,0.0
yellow,-37.96843516652998,-16.86603018556722,0.0,0.000196,0.000196,0.0
yellow,-37.18305661379363,-16.713778963406085,0.0,0.000196,0.000196,0.0
yellow,-36.39742184546208,-16.56285609567933,0.0,0.000196,0.000196,0.0
yellow,-35.6114387069691,-16.413759161486265,0.0,0.000196,0.000196,0.0
yellow,-34.82501795564485,-16.266989012381366,0.0,0.000196,0.000196,0.0
yellow,-34.03807556457989,-16.123042332433464,0.0,0.000196,0.000196,0.0
yellow,-33.250570443085714,-15.982205512609406,0.0,0.000196,0.000196,0.0
yellow,-32.46257030094369,-15.844164966486717,0.0,0.000196,0.000196,0.0
yellow,-31.67417745416292,-15.708385132400688,0.0,0.000196,0.000196,0.0
yellow,-30.885470340566727,-15.57444219110776,0.0,0.000196,0.000196,0.0
yellow,-30.096524319729323,-15.441912982904574,0.0,0.000196,0.000196,0.0
yellow,-29.307412333808486,-15.31037509107211,0.0,0.000196,0.000196,0.0
yellow,-28.51820497303377,-15.179410465046562,0.0,0.000196,0.000196,0.0
yellow,-27.72897952309457,-15.048554866644094,0.0,0.000196,0.000196,0.0
yellow,-26.93980745182423,-14.91737787149186,0.0,0.000196,0.000196,0.0
yellow,-26.150753177732252,-14.785494387612435,0.0,0.000196,0.000196,0.0
yellow,-25.361833970682603,-14.652805196455418,0.0,0.000196,0.000196,0.0
yellow,-24.57302669193216,-14.519452090475015,0.0,0.000196,0.000196,0.0
yellow,-23.784305325715092,-14.385591743292258,0.0,0.000196,0.000196,0.0
yellow,-22.995637082705464,-14.251418739391978,0.0,0.000196,0.000196,0.0
yellow,-22.20699423968706,-14.11709649504859,0.0,0.000196,0.000196,0.0
yellow,-21.418348985858387,-13.982788408765831,0.0,0.000196,0.000196,0.0
yellow,-20.629673440033898,-13.8486583359516,0.0,0.000196,0.000196,0.0
yellow,-19.840936648958518,-13.714888910059752,0.0,0.000196,0.000196,0.0
yellow,-19.052109807315464,-13.581651622368812,0.0,0.000196,0.000196,0.0
yellow,-18.263178692552838,-13.44903320334916,0.0,0.000196,0.000196,0.0
yellow,-17.47415315638674,-13.316977663948162,0.0,0.000196,0.000196,0.0
yellow,-16.685048245159965,-13.185397204329828,0.0,0.000196,0.000196,0.0
yellow,-15.89587866449723,-13.054205117105738,0.0,0.000196,0.000196,0.0
yellow,-15.10665798119663,-12.923320786310784,0.0,0.000196,0.000196,0.0
yellow,-14.317404141381738,-12.792636536814355,0.0,0.000196,0.000196,0.0
yellow,-13.528131753574234,-12.662064345602696,0.0,0.000196,0.000196,0.0
yellow,-12.738855360871646,-12.531516362844942,0.0,0.000196,0.000196,0.0
yellow,-11.949589521710344,-12.400904595207827,0.0,0.000196,0.000196,0.0
yellow,-11.160350087237745,-12.270133375662905,0.0,0.000196,0.000196,0.0
yellow,-10.37115277472193,-12.13910821412199,0.0,0.000196,0.000196,0.0
yellow,-9.582011662846417,-12.007745030943164,0.0,0.000196,0.000196,0.0
yellow,-8.792941531850245,-11.875956196363113,0.0,0.000196,0.000196,0.0
yellow,-8.003957271451453,-11.743654273720754,0.0,0.000196,0.000196,0.0
yellow,-7.215074525518095,-11.610748366056436,0.0,0.000196,0.000196,0.0
yellow,-6.426315080004034,-11.477112700103952,0.0,0.000196,0.000196,0.0
yellow,-5.637689283194016,-11.34269072784908,0.0,0.000196,0.000196,0.0
yellow,-4.849212907333402,-11.20739518248062,0.0,0.000196,0.000196,0.0
yellow,-4.060901661111639,-11.071140840249365,0.0,0.000196,0.000196,0.0
yellow,-3.272763670529412,-10.933887735501706,0.0,0.000196,0.000196,0.0
yellow,-2.4847957984126876,-10.795661224854245,0.0,0.000196,0.000196,0.0
yellow,-1.696982122284048,-10.656558615125101,0.0,0.000196,0.000196,0.0
yellow,-0.9093070461979393,-10.516673316846378,0.0,0.000196,0.000196,0.0
yellow,-0.12175801216995005,-10.37608008837489,0.0,0.000196,0.000196,0.0
yellow,0.6656777599090707,-10.234853802042597,0.0,0.000196,0.000196,0.0
yellow,1.453012251369552,-10.093063897018475,0.0,0.000196,0.000196,0.0
yellow,2.2402567174601007,-9.950774989368773,0.0,0.000196,0.000196,0.0
yellow,3.0274289577814195,-9.808087054536744,0.0,0.000196,0.000196,0.0
yellow,3.814542371273099,-9.665074948595244,0.0,0.000196,0.000196,0.0
yellow,4.6016104532642,-9.521813549157086,0.0,0.000196,0.000196,0.0
yellow,5.388646776559668,-9.378377765226153,0.0,0.000196,0.000196,0.0
yellow,6.175664892010433,-9.23484210515843,0.0,0.000196,0.000196,0.0
yellow,6.962679976929492,-9.091289828791089,0.0,0.000196,0.000196,0.0
yellow,7.749706011377729,-8.94779759975008,0.0,0.000196,0.000196,0.0
yellow,8.536756652316944,-8.80444040849937,0.0,0.000196,0.000196,0.0
yellow,9.323845562102738,-8.661293488825821,0.0,0.000196,0.000196,0.0
yellow,10.110986978154866,-8.51843557769146,0.0,0.000196,0.000196,0.0
yellow,10.898197804119755,-8.375960664723616,0.0,0.000196,0.000196,0.0
yellow,11.685502764682225,-8.23400699559968,0.0,0.000196,0.000196,0.0
yellow,12.472961466215587,-8.092909022762985,0.0,0.000196,0.000196,0.0
yellow,13.260639611163729,-7.953041712998359,0.0,0.000196,0.000196,0.0
yellow,14.048601484430277,-7.814781977425688,0.0,0.000196,0.000196,0.0
yellow,14.836921122059946,-7.6785771002370735,0.0,0.000196,0.000196,0.0
yellow,15.62566116834318,-7.544829394284067,0.0,0.000196,0.000196,0.0
yellow,16.414868967786816,-7.413871871282513,0.0,0.000196,0.000196,0.0
yellow,17.204596419426444,-7.286087091118945,0.0,0.000196,0.000196,0.0
yellow,17.994890998281665,-7.161858782568133,0.0,0.000196,0.000196,0.0
yellow,18.785756214682998,-7.041313137108812,0.0,0.000196,0.000196,0.0
yellow,19.576823702271703,-6.922098331900892,0.0,0.000196,0.000196,0.0
yellow,20.36743398601111,-6.799898871143024,0.0,0.000196,0.000196,0.0
yellow,21.156940038022217,-6.670789896316125,0.0,0.000196,0.000196,0.0
yellow,21.94462040415179,-6.531013239421001,0.0,0.000196,0.000196,0.0
yellow,22.72978347503884,-6.3777086240711345,0.0,0.000196,0.000196,0.0
yellow,23.512646817275236,-6.213025928717647,0.0,0.000196,0.000196,0.0
yellow,24.294547529399484,-6.043820019969001,0.0,0.000196,0.000196,0.0
yellow,25.076773568835158,-5.876132095257445,0.0,0.000196,0.000196,0.0
yellow,25.860596064656693,-5.716110352680067,0.0,0.000196,0.000196,0.0
yellow,26.646223592732703,-5.565158810448302,0.0,0.000196,0.000196,0.0
yellow,27.431653788367267,-5.41318795393944,0.0,0.000196,0.000196,0.0
yellow,28.213383243537667,-5.243504869982,0.0,0.000196,0.000196,0.0
yellow,28.981973784388362,-5.023404790390026,0.0,0.000196,0.000196,0.0
yellow,29.719499563362177,-4.715714007141653,0.0,0.000196,0.000196,0.0
yellow,30.403915848261825,-4.3041077751764565,0.0,0.000196,0.000196,0.0
yellow,31.015609057934906,-3.790222497810994,0.0,0.000196,0.000196,0.0
yellow,31.54854331582501,-3.1950346415738093,0.0,0.000196,0.000196,0.0
yellow,31.955144623172078,-2.5085338094899847,0.0,0.000196,0.000196,0.0
yellow,32.20286358809755,-1.7523896045128309,0.0,0.000196,0.000196,0.0
yellow,32.27068033268572,-0.9583723439801061,0.0,0.000196,0.000196,0.0
yellow,32.20213076662351,-0.16211264699681277,0.0,0.000196,0.000196,0.0
yellow,32.034898848593784,0.6189851118914111,0.0,0.000196,0.000196,0.0
yellow,31.73136848677067,1.357393633366331,0.0,0.000196,0.000196,0.0
yellow,31.325817495622065,2.0463069634584685,0.0,0.000196,0.000196,0.0
yellow,30.824514043748593,2.6678481275991706,0.0,0.000196,0.000196,0.0
yellow,30.18164670396535,3.1396203107503875,0.0,0.000196,0.000196,0.0
yellow,29.447003851683846,3.4478712415359496,0.0,0.000196,0.000196,0.0
yellow,28.66289873618039,3.592684509930773,0.0,0.000196,0.000196,0.0
yellow,27.864154348339586,3.5928892029451496,0.0,0.000196,0.000196,0.0
yellow,27.067814466425116,3.5172059891499496,0.0,0.000196,0.000196,0.0
yellow,26.271830584787956,3.4371845818383955,0.0,0.000196,0.000196,0.0
yellow,25.475267534024432,3.363119405899189,0.0,0.000196,0.000196,0.0
yellow,24.678580511140684,3.2903885029638733,0.0,0.000196,0.000196,0.0
yellow,23.88188901825833,3.217706558427367,0.0,0.000196,0.000196,0.0
yellow,23.08519443690012,3.145058476059278,0.0,0.000196,0.000196,0.0
yellow,22.288495526183556,3.0724578875846493,0.0,0.000196,0.000196,0.0
yellow,21.491791104744987,2.9999177991366768,0.0,0.000196,0.000196,0.0
yellow,20.69508019982345,2.927448956216569,0.0,0.000196,0.000196,0.0
yellow,19.898361732918552,2.8550632989414657,0.0,0.000196,0.000196,0.0
yellow,19.101634619876847,2.782772870143066,0.0,0.000196,0.000196,0.0
yellow,18.304897787249022,2.710589641180895,0.0,0.000196,0.000196,0.0
yellow,17.508149511826677,2.6385328276807294,0.0,0.000196,0.000196,0.0
yellow,16.71138925583345,2.5666086163314437,0.0,0.000196,0.000196,0.0
yellow,15.914615964196646,2.494828963333936,0.0,0.000196,0.000196,0.0
yellow,15.11782858170361,2.423205897484672,0.0,0.000196,0.000196,0.0
yellow,14.32102606844397,2.3517513545095485,0.0,0.000196,0.000196,0.0
yellow,13.524206928789637,2.2804824555148366,0.0,0.000196,0.000196,0.0
yellow,12.727370003476057,2.209412697790759,0.0,0.000196,0.000196,0.0
yellow,11.930514733453952,2.1385489360039434,0.0,0.000196,0.000196,0.0
yellow,11.133640107490447,2.0679031754288317,0.0,0.000196,0.000196,0.0
yellow,10.336745134599626,1.9974873011309744,0.0,0.000196,0.000196,0.0
yellow,9.539828970500574,1.927311645232847,0.0,0.000196,0.000196,0.0
yellow,8.742890738001117,1.8573870476154328,0.0,0.000196,0.000196,0.0
yellow,7.945932222060165,1.7876940223857902,0.0,0.000196,0.000196,0.0
yellow,7.148954204357777,1.718224369895394,0.0,0.000196,0.000196,0.0
yellow,6.351957398239622,1.6489705974815074,0.0,0.000196,0.000196,0.0
yellow,5.554942514061257,1.579925177772429,0.0,0.000196,0.000196,0.0
yellow,4.757909879699396,1.5110849514682032,0.0,0.000196,0.000196,0.0
yellow,3.960860064916261,1.442443933919847,0.0,0.000196,0.000196,0.0
yellow,3.1637943279701566,1.3739880599787266,0.0,0.000196,0.000196,0.0
yellow,2.3667133628828343,1.3057097261375203,0.0,0.000196,0.000196,0.0
yellow,1.5696178384140071,1.2376015661645687,0.0,0.000196,0.000196,0.0
yellow,0.7725084299045141,1.1696560824888604,0.0,0.000196,0.000196,0.0
yellow,-0.024614792517169914,1.101872850565229,0.0,0.000196,0.000196,0.0
blue,-1.5012571842098492,-1.2311636383644364,0.0,0.000196,0.000196,0.0
blue,-2.298416955950229,-1.2985156692237965,0.0,0.000196,0.000196,0.0
blue,-3.0955871646464934,-1.3657440595632377,0.0,0.000196,0.000196,0.0
blue,-3.8927671598347713,-1.4328563087627173,0.0,0.000196,0.000196,0.0
blue,-4.689956529925504,-1.4998571100012446,0.0,0.000196,0.000196,0.0
blue,-5.487154575827066,-1.5667546036208242,0.0,0.000196,0.000196,0.0
blue,-6.284360409554636,-1.6335592262968237,0.0,0.000196,0.000196,0.0
blue,-7.081573389661028,-1.7002785145513981,0.0,0.000196,0.000196,0.0
blue,-7.878792893604626,-1.7669198071008938,0.0,0.000196,0.000196,0.0
blue,-8.676018277993272,-1.8334907177222335,0.0,0.000196,0.000196,0.0
blue,-9.473249178531017,-1.8999955368595112,0.0,0.000196,0.000196,0.0
blue,-10.270484635190705,-1.9664457161536535,0.0,0.000196,0.000196,0.0
blue,-11.067724018164048,-2.032848773109355,0.0,0.000196,0.000196,0.0
blue,-11.86496671088653,-2.09921208172548,0.0,0.000196,0.000196,0.0
blue,-12.66221208699994,-2.1655431467187656,0.0,0.000196,0.000196,0.0
blue,-13.459459566051715,-2.231848931630309,0.0,0.000196,0.000196,0.0
blue,-14.25670846500799,-2.2981376417952424,0.0,0.000196,0.000196,0.0
blue,-15.053958107483574,-2.364417409208287,0.0,0.000196,0.000196,0.0
blue,-15.851207877343478,-2.4306956443783316,0.0,0.000196,0.000196,0.0
blue,-16.648457149190893,-2.4969798696956014,0.0,0.000196,0.000196,0.0
blue,-17.445705301188042,-2.563277562818036,0.0,0.000196,0.000196,0.0
blue,-18.242951584627857,-2.6295977218273987,0.0,0.000196,0.000196,0.0
blue,-19.040195427719567,-2.6959472095877164,0.0,0.000196,0.000196,0.0
blue,-19.837436211115246,-2.7623334511077307,0.0,0.000196,0.000196,0.0
blue,-20.634673421413797,-2.828762588192647,0.0,0.000196,0.000196,0.0
blue,-21.431906997328966,-2.8952353288017454,0.0,0.000196,0.000196,0.0
blue,-22.229137015327545,-2.961750727567902,0.0,0.000196,0.000196,0.0
blue,-23.02636363904604,-3.0283067963103276,0.0,0.000196,0.000196,0.0
blue,-23.82358713214858,-3.0949003535767585,0.0,0.000196,0.000196,0.0
blue,-24.620807657026006,-3.161529435428402,0.0,0.000196,0.000196,0.0
blue,-25.418025383118522,-3.228191996699565,0.0,0.000196,0.000196,0.0
blue,-26.21524046622333,-3.294886158319435,0.0,0.000196,0.000196,0.0
blue,-27.012452968298636,-3.361611164669855,0.0,0.000196,0.000196,0.0
blue,-27.809663162298637,-3.4283637413941466,0.0,0.000196,0.000196,0.0
blue,-28.606871234947455,-3.495141648076443,0.0,0.000196,0.000196,0.0
blue,-29.40407734655797,-3.561942962020094,0.0,0.000196,0.000196,0.0
blue,-30.201281668087823,-3.628765635492584,0.0,0.000196,0.000196,0.0
blue,-30.99848432471798,-3.6956081686364537,0.0,0.000196,0.000196,0.0
blue,-31.795685481470276,-3.7624685877730286,0.0,0.000196,0.000196,0.0
blue,-32.59288535599783,-3.8293442935756237,0.0,0.000196,0.000196,0.0
blue,-33.39008412162831,-3.8962332168451645,0.0,0.000196,0.000196,0.0
blue,-34.18728194226948,-3.9631334018381237,0.0,0.000196,0.000196,0.0
blue,-34.9844789754909,-4.030042969293937,0.0,0.000196,0.000196,0.0
blue,-35.78167537862003,-4.096960043608713,0.0,0.000196,0.000196,0.0
blue,-36.5788713381253,-4.16388240270063,0.0,0.000196,0.000196,0.0
blue,-37.37606704500556,-4.2308077710670275,0.0,0.000196,0.000196,0.0
blue,-38.17326264206735,-4.297734447551569,0.0,0.000196,0.000196,0.0
blue,-38.97045831543468,-4.3646602151151255,0.0,0.000196,0.000196,0.0
blue,-39.76765422309022,-4.431583191857666,0.0,0.000196,0.000196,0.0
blue,-40.5648505638708,-4.498501008938115,0.0,0.000196,0.000196,0.0
blue,-41.36204748723497,-4.565411885263467,0.0,0.000196,0.000196,0.0
blue,-42.15924515699558,-4.632313868152099,0.0,0.000196,0.000196,0.0
blue,-42.95644375215148,-4.6992048231705885,0.0,0.000196,0.000196,0.0
blue,-43.75364342351892,-4.766082950797249,0.0,0.000196,0.000196,0.0
blue,-44.55084440685905,-4.832945437597448,0.0,0.000196,0.000196,0.0
blue,-45.3480468384498,-4.89979065454428,0.0,0.000196,0.000196,0.0
blue,-46.14525086445915,-4.966616853443614,0.0,0.000196,0.000196,0.0
blue,-46.942456654738656,-5.033422002038876,0.0,0.000196,0.000196,0.0
blue,-47.73966436668405,-5.100204214881757,0.0,0.000196,0.000196,0.0
blue,-48.53687421881899,-5.166960874516581,0.0,0.000196,0.000196,0.0
blue,-49.334086422049594,-5.233689451189739,0.0,0.000196,0.000196,0.0
blue,-50.13130109851503,-5.300388472929986,0.0,0.000196,0.000196,0.0
blue,-50.92864269404433,-5.365526786883308,0.0,0.000196,0.000196,0.0
blue,-51.726692063934244,-5.421088909160477,0.0,0.000196,0.000196,0.0
blue,-52.52591596107173,-5.455475974030466,0.0,0.000196,0.000196,0.0
blue,-53.32581528137914,-5.4565347222240215,0.0,0.000196,0.000196,0.0
blue,-54.12458703832657,-5.416175162505879,0.0,0.000196,0.000196,0.0
blue,-54.915273277087365,-5.301199237313464,0.0,0.000196,0.000196,0.0
blue,-55.65765641726532,-5.013893087476952,0.0,0.000196,0.000196,0.0
blue,-56.279151975343545,-4.517449019992762,0.0,0.000196,0.000196,0.0
blue,-56.77011368827156,-3.8880340905906055,0.0,0.000196,0.000196,0.0
blue,-57.13628643069213,-3.1792474865632503,0.0,0.000196,0.000196,0.0
blue,-57.373920782728476,-2.416860354300711,0.0,0.000196,0.000196,0.0
blue,-57.48703141077923,-1.625465693912693,0.0,0.000196,0.000196,0.0
blue,-57.51468045475034,-0.8266108043001871,0.0,0.000196,0.000196,0.0
blue,-57.421177918220174,-0.03322461309910024,0.0,0.000196,0.000196,0.0
blue,-57.20686215165093,0.7359637676603976,0.0,0.000196,0.000196,0.0
blue,-56.84771605561997,1.4485492796581552,0.0,0.000196,0.000196,0.0
blue,-56.35368280405991,2.074522286617819,0.0,0.000196,0.000196,0.0
blue,-55.73861755943881,2.5805698375060198,0.0,0.000196,0.000196,0.0
blue,-55.01957481042363,2.923719811936137,0.0,0.000196,0.000196,0.0
blue,-54.235196845327806,3.067494350902961,0.0,0.000196,0.000196,0.0
blue,-53.43720219513638,3.0446015378172544,0.0,0.000196,0.000196,0.0
blue,-52.649287693808695,2.909964897375814,0.0,0.000196,0.000196,0.0
blue,-51.87552209665233,2.707323346195159,0.0,0.000196,0.000196,0.0
blue,-51.113607059169716,2.4638150304846533,0.0,0.000196,0.000196,0.0
blue,-50.35710116339155,2.2037626534903425,0.0,0.000196,0.000196,0.0
blue,-49.58043974334329,2.019415466828231,0.0,0.000196,0.000196,0.0
blue,-48.79187645834418,2.095210604705276,0.0,0.000196,0.000196,0.0
blue,-48.29313348241834,2.6669058636969076,0.0,0.000196,0.000196,0.0
blue,-48.398644620804035,3.442304325603272,0.0,0.000196,0.000196,0.0
blue,-48.813564623238285,4.124785109074834,0.0,0.000196,0.000196,0.0
blue,-49.28222514462208,4.773072459782355,0.0,0.000196,0.000196,0.0
blue,-49.76225251155112,5.413047889307228,0.0,0.000196,0.000196,0.0
blue,-50.239771109586286,6.054886116282955,0.0,0.000196,0.000196,0.0
blue,-50.701899162129,6.707863297289977,0.0,0.000196,0.000196,0.0
blue,-51.133585214639844,7.381264922705462,0.0,0.000196,0.000196,0.0
blue,-51.52747716423083,8.077343719422943,0.0,0.000196,0.000196,0.0
blue,-51.88073279360032,8.794985895782926,0.0,0.000196,0.000196,0.0
blue,-52.18666830221805,9.534025624043384,0.0,0.000196,0.000196,0.0
blue,-52.44819675749027,10.289828546207527,0.0,0.000196,0.000196,0.0
blue,-52.662025464442614,11.060563955259974,0.0,0.000196,0.000196,0.0
blue,-52.821749704208045,11.844282450712123,0.0,0.000196,0.000196,0.0
blue,-52.934942770945995,12.636035480213877,0.0,0.000196,0.000196,0.0
blue,-53.0048063867552,13.432882756015381,0.0,0.000196,0.000196,0.0
blue,-53.03264910660186,14.232323578898148,0.0,0.000196,0.000196,0.0
blue,-53.02740693753163,15.032217745009449,0.0,0.000196,0.000196,0.0
blue,-52.99360895975022,15.831450782459193,0.0,0.000196,0.000196,0.0
blue,-52.93520886892547,16.629292304504368,0.0,0.000196,0.000196,0.0
blue,-52.85743462604906,17.42548427742908,0.0,0.000196,0.000196,0.0
blue,-52.76620525461687,18.22025424601437,0.0,0.000196,0.000196,0.0
blue,-52.66641164412192,19.014002644710594,0.0,0.000196,0.000196,0.0
blue,-52.560025753966684,19.80689078348742,0.0,0.000196,0.000196,0.0
blue,-52.42719046979558,20.595698932026657,0.0,0.000196,0.000196,0.0
blue,-52.24598212660704,21.374583361507753,0.0,0.000196,0.000196,0.0
blue,-52.00954800972614,22.13864779812398,0.0,0.000196,0.000196,0.0
blue,-51.72193406973605,22.885056435105334,0.0,0.000196,0.000196,0.0
blue,-51.40109745621665,23.617794789427297,0.0,0.000196,0.000196,0.0
blue,-51.05165652786085,24.337360733687007,0.0,0.000196,0.000196,0.0
blue,-50.67336956953442,25.04221381330415,0.0,0.000196,0.000196,0.0
blue,-50.26671754661667,25.731048671767407,0.0,0.000196,0.000196,0.0
blue,-49.82977130000398,26.401017082971304,0.0,0.000196,0.000196,0.0
blue,-49.357718586875016,27.04675272557777,0.0,0.000196,0.000196,0.0
blue,-48.84350648297243,27.659321526647748,0.0,0.000196,0.000196,0.0
blue,-48.28769448823715,28.23425068666262,0.0,0.000196,0.000196,0.0
blue,-47.688715587320964,28.76425397886407,0.0,0.000196,0.000196,0.0
blue,-47.056061469426226,29.25363472295707,0.0,0.000196,0.000196,0.0
blue,-46.401514821127726,29.713446733930514,0.0,0.000196,0.000196,0.0
blue,-45.730031038116095,30.14822726125397,0.0,0.000196,0.000196,0.0
blue,-45.041518839626434,30.55548272936089,0.0,0.000196,0.000196,0.0
blue,-44.33773333193496,30.935663515033735,0.0,0.000196,0.000196,0.0
blue,-43.6192340657682,31.2872735570921,0.0,0.000196,0.000196,0.0
blue,-42.88595657405235,31.606964898931565,0.0,0.000196,0.000196,0.0
blue,-42.14025130141484,31.896472031129477,0.0,0.000196,0.000196,0.0
blue,-41.385756167678885,32.16230746153078,0.0,0.000196,0.000196,0.0
blue,-40.62529660057872,32.41065992164325,0.0,0.000196,0.000196,0.0
blue,-39.86137170763701,32.64817839566584,0.0,0.000196,0.000196,0.0
blue,-39.09656885706207,32.88286195217013,0.0,0.000196,0.000196,0.0
blue,-38.33241597825793,33.119651291102436,0.0,0.000196,0.000196,0.0
blue,-37.569224297891026,33.35951962287394,0.0,0.000196,0.000196,0.0
blue,-36.80714950242122,33.60291263645284,0.0,0.000196,0.000196,0.0
blue,-36.046352930197436,33.85027275434185,0.0,0.000196,0.000196,0.0
blue,-35.287059932569264,34.10221016626089,0.0,0.000196,0.000196,0.0
blue,-34.52925006207749,34.358572950663245,0.0,0.000196,0.000196,0.0
blue,-33.77287893889422,34.619149576527484,0.0,0.000196,0.000196,0.0
blue,-33.017905732403776,34.88374947103075,0.0,0.000196,0.000196,0.0
blue,-32.264287131599694,35.15218411290202,0.0,0.000196,0.000196,0.0
blue,-31.511977397397278,35.42426671180871,0.0,0.000196,0.000196,0.0
blue,-30.760986136783,35.699967933977405,0.0,0.000196,0.000196,0.0
blue,-30.011204381154123,35.97894106197175,0.0,0.000196,0.000196,0.0
blue,-29.2625752622355,36.26099257888299,0.0,0.000196,0.000196,0.0
blue,-28.515044291763342,36.54594210406576,0.0,0.000196,0.000196,0.0
blue,-27.76854775126646,36.83359129245517,0.0,0.000196,0.000196,0.0
blue,-27.023005513975118,37.12370558435729,0.0,0.000196,0.000196,0.0
blue,-26.278354064419585,37.41609886139642,0.0,0.000196,0.000196,0.0
blue,-25.534453909200057,37.71039821789501,0.0,0.000196,0.000196,0.0
blue,-24.791208306430107,38.00634686716899,0.0,0.000196,0.000196,0.0
blue,-24.048518951348573,38.30368889210066,0.0,0.000196,0.000196,0.0
blue,-23.306286384107256,38.60216953898606,0.0,0.000196,0.000196,0.0
blue,-22.564415889991594,38.90154909797036,0.0,0.000196,0.000196,0.0
blue,-21.822799449692678,39.20155747845179,0.0,0.000196,0.000196,0.0
blue,-21.08134865512133,39.50197500849726,0.0,0.000196,0.000196,0.0
blue,-20.340158907221138,39.803035848083326,0.0,0.000196,0.000196,0.0
blue,-19.59943188029134,40.1052331036972,0.0,0.000196,0.000196,0.0
blue,-18.85937789131548,40.409074717207105,0.0,0.000196,0.000196,0.0
blue,-18.120259234596205,40.71518429724453,0.0,0.000196,0.000196,0.0
blue,-17.382282748028334,41.02403633533161,0.0,0.000196,0.000196,0.0
blue,-16.64566620705774,41.33611673350725,0.0,0.000196,0.000196,0.0
blue,-15.910644438072115,41.65193379561286,0.0,0.000196,0.000196,0.0
blue,-15.17746093047057,41.971994804502565,0.0,0.000196,0.000196,0.0
blue,-14.446365767101154,42.2967984810335,0.0,0.000196,0.000196,0.0
blue,-13.717532304001713,42.62664680082748,0.0,0.000196,0.000196,0.0
blue,-12.99061787907852,42.96070284273058,0.0,0.000196,0.000196,0.0
blue,-12.263630029834165,43.29458646246956,0.0,0.000196,0.000196,0.0
blue,-11.528865706240646,43.610779345639564,0.0,0.000196,0.000196,0.0
blue,-10.776973417450508,43.88329776559009,0.0,0.000196,0.000196,0.0
blue,-9.99518360189477,44.04121481792999,0.0,0.000196,0.000196,0.0
blue,-9.201154365606051,43.97860889715562,0.0,0.000196,0.000196,0.0
blue,-8.43995466806314,43.736140905985074,0.0,0.000196,0.000196,0.0
blue,-7.709216974714468,43.41288607690179,0.0,0.000196,0.000196,0.0
blue,-7.071268412137815,42.94165699438519,0.0,0.000196,0.000196,0.0
blue,-6.616254633442273,42.291839872910074,0.0,0.000196,0.000196,0.0
blue,-6.373177601589184,41.53100818399411,0.0,0.000196,0.000196,0.0
blue,-6.220821602473386,40.74598505730064,0.0,0.000196,0.000196,0.0
blue,-6.110433731782542,39.9536580610177,0.0,0.000196,0.000196,0.0
blue,-6.001237331362291,39.161150626633585,0.0,0.000196,0.000196,0.0
blue,-5.881909350910987,38.37010893911677,0.0,0.000196,0.000196,0.0
blue,-5.752033993083649,37.58073112891477,0.0,0.000196,0.000196,0.0
blue,-5.6125661471320845,36.79298836856727,0.0,0.000196,0.000196,0.0
blue,-5.465477007613514,36.0066297706233,0.0,0.000196,0.000196,0.0
blue,-5.312756555074438,35.22134333156841,0.0,0.000196,0.000196,0.0
blue,-5.1563067321556435,34.43679063124772,0.0,0.000196,0.000196,0.0
blue,-4.998165057516438,33.6525769860067,0.0,0.000196,0.000196,0.0
blue,-4.8390915460278885,32.868551777425445,0.0,0.000196,0.000196,0.0
blue,-4.679354696387909,32.084661415306776,0.0,0.000196,0.000196,0.0
blue,-4.519203655502028,31.300855549230675,0.0,0.000196,0.000196,0.0
blue,-4.358889977072572,30.51708292630395,0.0,0.000196,0.000196,0.0
blue,-4.198685128625119,29.73328805445817,0.0,0.000196,0.000196,0.0
blue,-4.038842540519827,28.949419241572595,0.0,0.000196,0.000196,0.0
blue,-3.879609770190452,28.165426354971512,0.0,0.000196,0.000196,0.0
blue,-3.7212340943312996,27.381259905431858,0.0,0.000196,0.000196,0.0
blue,-3.5639522012879117,26.596873335253786,0.0,0.000196,0.000196,0.0
blue,-3.407226430654562,25.812375396193627,0.0,0.000196,0.000196,0.0
blue,-3.2490145762450546,25.028176262435313,0.0,0.000196,0.000196,0.0
blue,-3.087241401851599,24.24470548674863,0.0,0.000196,0.000196,0.0
blue,-2.91980368616643,23.462427938084037,0.0,0.000196,0.000196,0.0
blue,-2.7436783116588486,22.682070586168894,0.0,0.000196,0.000196,0.0
blue,-2.5425205853777753,21.907894923072426,0.0,0.000196,0.000196,0.0
blue,-2.282456264263447,21.151772346818095,0.0,0.000196,0.000196,0.0
blue,-1.943253724617749,20.42776589826917,0.0,0.000196,0.000196,0.0
blue,-1.532558512670292,19.741725311491884,0.0,0.000196,0.000196,0.0
blue,-1.0636037020667817,19.093917166999965,0.0,0.000196,0.000196,0.0
blue,-0.5548635355494499,18.476678145335313,0.0,0.000196,0.000196,0.0
blue,-0.012882094146298428,17.888559548614385,0.0,0.000196,0.000196,0.0
blue,0.5823571658446645,17.355130197779168,0.0,0.000196,0.000196,0.0
blue,1.2438639024648628,16.90664749517741,0.0,0.000196,0.000196,0.0
blue,1.9492303077793114,16.5299062203756,0.0,0.000196,0.000196,0.0
blue,2.679112624090327,16.202915162759997,0.0,0.000196,0.000196,0.0
blue,3.4329916096629756,15.936539680197884,0.0,0.000196,0.000196,0.0
blue,4.210673012293338,15.750971459788977,0.0,0.000196,0.000196,0.0
blue,5.001695015868509,15.632936515265154,0.0,0.000196,0.000196,0.0
blue,5.798330973262169,15.56117421158775,0.0,0.000196,0.000196,0.0
blue,6.597837103575741,15.544387733656087,0.0,0.000196,0.000196,0.0
blue,7.394786923070157,15.608054009858968,0.0,0.000196,0.000196,0.0
blue,8.181967216956266,15.749244638252149,0.0,0.000196,0.000196,0.0
blue,8.958608395888687,15.94070827949335,0.0,0.000196,0.000196,0.0
blue,9.722211474573719,16.178519302904682,0.0,0.000196,0.000196,0.0
blue,10.459353425088151,16.488077898738066,0.0,0.000196,0.000196,0.0
blue,11.153941330287344,16.884187964490607,0.0,0.000196,0.000196,0.0
blue,11.80655670164656,17.346543682752852,0.0,0.000196,0.000196,0.0
blue,12.425295372049863,17.853505615898584,0.0,0.000196,0.000196,0.0
blue,13.01878649072826,18.389888819678227,0.0,0.000196,0.000196,0.0
blue,13.594410312549261,18.945399902763594,0.0,0.000196,0.000196,0.0
blue,14.143560488766186,19.526968170954735,0.0,0.000196,0.000196,0.0
blue,14.659439748726742,20.1383461258603,0.0,0.000196,0.000196,0.0
blue,15.21077115384808,20.716814973581883,0.0,0.000196,0.000196,0.0
blue,15.83267947757669,21.219419174397622,0.0,0.000196,0.000196,0.0
blue,16.489967496593607,21.675087024799137,0.0,0.000196,0.000196,0.0
blue,17.17407151080872,22.089426912883965,0.0,0.000196,0.000196,0.0
blue,17.888583043389104,22.448727002766486,0.0,0.000196,0.000196,0.0
blue,18.62981128358852,22.748466570800417,0.0,0.000196,0.000196,0.0
blue,19.395368528061315,22.97938392591033,0.0,0.000196,0.000196,0.0
blue,20.180901379120673,23.12755802672718,0.0,0.000196,0.000196,0.0
blue,20.977722690252122,23.191771809686387,0.0,0.000196,0.000196,0.0
blue,21.776386696195665,23.154830465141867,0.0,0.000196,0.000196,0.0
blue,22.56997409277831,23.055667500885498,0.0,0.000196,0.000196,0.0
blue,23.35472623204612,22.901187835762816,0.0,0.000196,0.000196,0.0
blue,24.125469847029066,22.68809401716232,0.0,0.000196,0.000196,0.0
blue,24.87868400235386,22.419206502307603,0.0,0.000196,0.000196,0.0
blue,25.611238550102104,22.09799933973625,0.0,0.000196,0.000196,0.0
blue,26.32557545600118,21.738186150481287,0.0,0.000196,0.000196,0.0
blue,27.018133571153456,21.338130780862716,0.0,0.000196,0.000196,0.0
blue,27.675188256228964,20.882273119020518,0.0,0.000196,0.000196,0.0
blue,28.29135207935116,20.372677193451004,0.0,0.000196,0.000196,0.0
blue,28.869627370472763,19.820063351711422,0.0,0.000196,0.000196,0.0
blue,29.419909163182908,19.239439652617897,0.0,0.000196,0.000196,0.0
blue,29.956105373800387,18.64575215052479,0.0,0.000196,0.000196,0.0
blue,30.485778966235543,18.046215777434394,0.0,0.000196,0.000196,0.0
blue,31.014835853466366,17.446133477351676,0.0,0.000196,0.000196,0.0
blue,31.544352133093057,16.84645649167595,0.0,0.000196,0.000196,0.0
blue,32.07423990280637,16.247107734037755,0.0,0.000196,0.000196,0.0
blue,32.6044037213112,15.64800314199042,0.0,0.000196,0.000196,0.0
blue,33.13476169393068,15.04907041197996,0.0,0.000196,0.000196,0.0
blue,33.66523204451817,14.450237208064031,0.0,0.000196,0.000196,0.0
blue,34.19573306895202,13.851431176824326,0.0,0.000196,0.000196,0.0
blue,34.726175498309104,13.252573240633518,0.0,0.000196,0.000196,0.0
blue,35.25647496969659,12.653588713389826,0.0,0.000196,0.000196,0.0
blue,35.7865499635882,12.054405532977125,0.0,0.000196,0.000196,0.0
blue,36.31631882704873,11.454951679692773,0.0,0.000196,0.000196,0.0
blue,36.845699842815456,10.85515529297096,0.0,0.000196,0.000196,0.0
blue,37.37459697822534,10.254932181383158,0.0,0.000196,0.000196,0.0
blue,37.9029175945072,9.65420157352116,0.0,0.000196,0.000196,0.0
blue,38.43059403448023,9.052905085612565,0.0,0.000196,0.000196,0.0
blue,38.95754390203105,8.45097178989511,0.0,0.000196,0.000196,0.0
blue,39.483684794253115,7.848331261057897,0.0,0.000196,0.000196,0.0
blue,40.00893296203164,7.244912463926595,0.0,0.000196,0.000196,0.0
blue,40.53314647760247,6.640594627895935,0.0,0.000196,0.000196,0.0
blue,41.05641570551049,6.0354589612838785,0.0,0.000196,0.000196,0.0
blue,41.579144102053135,5.429855956752082,0.0,0.000196,0.000196,0.0
blue,42.10182666711532,4.824213386978959,0.0,0.000196,0.000196,0.0
blue,42.62496114440462,4.218961186846802,0.0,0.000196,0.000196,0.0
blue,43.14908812933863,3.6145683508958486,0.0,0.000196,0.000196,0.0
blue,43.674799615571196,3.0115535757646055,0.0,0.000196,0.000196,0.0
blue,44.20274985910256,2.410498660900541,0.0,0.000196,0.000196,0.0
blue,44.73041563032512,1.8092064401596621,0.0,0.000196,0.000196,0.0
blue,45.24045309717074,1.193015923525077,0.0,0.000196,0.000196,0.0
blue,45.7036662781226,0.5411437200937843,0.0,0.000196,0.000196,0.0
blue,46.095019683591026,-0.15545266338803268,0.0,0.000196,0.000196,0.0
blue,46.32955411025419,-0.9167222196961726,0.0,0.000196,0.000196,0.0
blue,46.35633358764112,-1.7090999608951591,0.0,0.000196,0.000196,0.0
blue,46.155978953247136,-2.4772709986978483,0.0,0.000196,0.000196,0.0
blue,45.80707721140921,-3.1961713799568425,0.0,0.000196,0.000196,0.0
blue,45.470199379039634,-3.921630710030626,0.0,0.000196,0.000196,0.0
blue,45.13604291070715,-4.648481326560665,0.0,0.000196,0.000196,0.0
blue,44.79261911385887,-5.371017504466842,0.0,0.000196,0.000196,0.0
blue,44.454008974825605,-6.095814999821668,0.0,0.000196,0.000196,0.0
blue,44.11881284988184,-6.822202989373895,0.0,0.000196,0.000196,0.0
blue,43.774194347197046,-7.54415517841203,0.0,0.000196,0.000196,0.0
blue,43.441038204268594,-8.271321724388816,0.0,0.000196,0.000196,0.0
blue,43.10158870172194,-8.994216247233961,0.0,0.000196,0.000196,0.0
blue,42.61239575534347,-9.620129211105297,0.0,0.000196,0.000196,0.0
blue,41.97346273235682,-10.094508570543463,0.0,0.000196,0.000196,0.0
blue,41.26208076015107,-10.459810011174723,0.0,0.000196,0.000196,0.0
blue,40.51367108920283,-10.738592797128513,0.0,0.000196,0.000196,0.0
blue,39.72562850869147,-10.869261167478832,0.0,0.000196,0.000196,0.0
blue,38.92695697610702,-10.909844947754287,0.0,0.000196,0.000196,0.0
blue,38.12708167070028,-10.923385007892188,0.0,0.000196,0.000196,0.0
blue,37.32755765419459,-10.950682352147272,0.0,0.000196,0.000196,0.0
blue,36.528311977794985,-10.985382804469134,0.0,0.000196,0.000196,0.0
blue,35.7291307210461,-11.021567072805658,0.0,0.000196,0.000196,0.0
blue,34.92991045778567,-11.05687417718697,0.0,0.000196,0.000196,0.0
blue,34.13058025362174,-11.089589930893053,0.0,0.000196,0.000196,0.0
blue,33.331079979785365,-11.11781877599113,0.0,0.000196,0.000196,0.0
blue,32.53139969653965,-11.140337739634576,0.0,0.000196,0.000196,0.0
blue,31.731676479083273,-11.161308165345746,0.0,0.000196,0.000196,0.0
blue,30.932317300802982,-11.192697764915634,0.0,0.000196,0.000196,0.0
blue,30.134029089007573,-11.244592311725164,0.0,0.000196,0.000196,0.0
blue,29.33691372190272,-11.312400420698996,0.0,0.000196,0.000196,0.0
blue,28.540449432333904,-11.38752118677648,0.0,0.000196,0.000196,0.0
blue,27.744386093101813,-11.466775991132616,0.0,0.000196,0.000196,0.0
blue,26.94870390996483,-11.549770715172295,0.0,0.000196,0.000196,0.0
blue,26.15337926202681,-11.636126626360074,0.0,0.000196,0.000196,0.0
blue,25.358384005558776,-11.725466822985581,0.0,0.000196,0.000196,0.0
blue,24.563688249840595,-11.817435330184242,0.0,0.000196,0.000196,0.0
blue,23.76926301305367,-11.911712560423192,0.0,0.000196,0.000196,0.0
blue,22.975056074776543,-12.007811457585902,0.0,0.000196,0.000196,0.0
blue,22.181026031219627,-12.105361766978262,0.0,0.000196,0.000196,0.0
blue,21.387130513924408,-12.204001498813874,0.0,0.000196,0.000196,0.0
blue,20.593337993003367,-12.303466958445172,0.0,0.000196,0.000196,0.0
blue,19.7996342876684,-12.403638800255383,0.0,0.000196,0.000196,0.0
blue,19.006003065686244,-12.50438331681513,0.0,0.000196,0.000196,0.0
blue,18.212427009204173,-12.605561493205723,0.0,0.000196,0.000196,0.0
blue,17.418890884795175,-12.707052430474967,0.0,0.000196,0.000196,0.0
blue,16.62537931954198,-12.808735240376917,0.0,0.000196,0.000196,0.0
blue,15.831876886337037,-12.910489299195072,0.0,0.000196,0.000196,0.0
blue,15.0383667916189,-13.012183588029579,0.0,0.000196,0.000196,0.0
blue,14.244833031038622,-13.11369301572709,0.0,0.000196,0.000196,0.0
blue,13.45126562123584,-13.214939036340576,0.0,0.000196,0.000196,0.0
blue,12.657671347595066,-13.315974304393443,0.0,0.000196,0.000196,0.0
blue,11.864062584696427,-13.41689571464445,0.0,0.000196,0.000196,0.0
blue,11.070452097494082,-13.517803566100854,0.0,0.000196,0.000196,0.0
blue,10.276853493506701,-13.618804822525448,0.0,0.000196,0.000196,0.0
blue,9.483279343870132,-13.719998011559724,0.0,0.000196,0.000196,0.0
blue,8.689742213920834,-13.821481049937455,0.0,0.000196,0.000196,0.0
blue,7.896254797272486,-13.92335202452939,0.0,0.000196,0.000196,0.0
blue,7.102829952127343,-14.02570920109867,0.0,0.000196,0.000196,0.0
blue,6.309483982388786,-14.128675913738952,0.0,0.000196,0.000196,0.0
blue,5.516164366461988,-14.231845554218275,0.0,0.000196,0.000196,0.0
blue,4.7227337228042545,-14.334156508742451,0.0,0.000196,0.000196,0.0
blue,3.9290508503231263,-14.434488907008793,0.0,0.000196,0.000196,0.0
blue,3.1349842602592917,-14.531735231375675,0.0,0.000196,0.000196,0.0
blue,2.340450654707543,-14.625092603203756,0.0,0.000196,0.000196,0.0
blue,1.5468942239657895,-14.726243292559166,0.0,0.000196,0.000196,0.0
blue,0.7575427654579848,-14.855842849807841,0.0,0.000196,0.000196,0.0
blue,0.6050754367222037,-15.589843542518683,0.0,0.000196,0.000196,0.0
blue,1.2418841150104676,-16.072371999543964,0.0,0.000196,0.000196,0.0
blue,1.9235178036995801,-16.49091500697845,0.0,0.000196,0.000196,0.0
blue,2.6135816868495443,-16.895645713163628,0.0,0.000196,0.000196,0.0
blue,3.2981318375474524,-17.309629924686035,0.0,0.000196,0.000196,0.0
blue,3.9785062135393483,-17.7304465974794,0.0,0.000196,0.000196,0.0
blue,4.657088790035626,-18.15415090952188,0.0,0.000196,0.000196,0.0
blue,5.336241023783305,-18.576939948721595,0.0,0.000196,0.000196,0.0
blue,6.015197910787596,-19.000019362691642,0.0,0.000196,0.000196,0.0
blue,6.673428576896103,-19.4543053698655,0.0,0.000196,0.000196,0.0
blue,7.283774588180223,-19.9701802752907,0.0,0.000196,0.000196,0.0
blue,7.825352799111945,-20.558143707100207,0.0,0.000196,0.000196,0.0
blue,8.302490782986123,-21.19971760170285,0.0,0.000196,0.000196,0.0
blue,8.73385212564865,-21.873299434003286,0.0,0.000196,0.000196,0.0
blue,9.11400664543388,-22.576877236790587,0.0,0.000196,0.000196,0.0
blue,9.423701887203828,-23.313624480683956,0.0,0.000196,0.000196,0.0
blue,9.628644521423162,-24.086011299418054,0.0,0.000196,0.000196,0.0
blue,9.739869967350012,-24.877592136085106,0.0,0.000196,0.000196,0.0
blue,9.787273117157568,-25.67608710829238,0.0,0.000196,0.000196,0.0
blue,9.806331532078445,-26.4758282465024,0.0,0.000196,0.000196,0.0
blue,9.803242207510296,-27.275770469231478,0.0,0.000196,0.000196,0.0
blue,9.774730845184516,-28.075208185432757,0.0,0.000196,0.000196,0.0
blue,9.7157565846778,-28.872979528755124,0.0,0.000196,0.000196,0.0
blue,9.623410361439497,-29.667538097213193,0.0,0.000196,0.000196,0.0
blue,9.496931554038596,-30.45736458116498,0.0,0.000196,0.000196,0.0
blue,9.336021667615862,-31.240947507748643,0.0,0.000196,0.000196,0.0
blue,9.138773974561301,-32.01617452220267,0.0,0.000196,0.000196,0.0
blue,8.908787875431734,-32.78228941807389,0.0,0.000196,0.000196,0.0
blue,8.646356204550745,-33.53793220849936,0.0,0.000196,0.000196,0.0
blue,8.349975818191025,-34.28094277878987,0.0,0.000196,0.000196,0.0
blue,8.025806098137217,-35.01225677168349,0.0,0.000196,0.000196,0.0
blue,7.680640888819759,-35.73392256421848,0.0,0.000196,0.000196,0.0
blue,7.316517120088905,-36.446213769329226,0.0,0.000196,0.000196,0.0
blue,6.925348893411545,-37.14398869350377,0.0,0.000196,0.000196,0.0
blue,6.503402228516232,-37.82353261039997,0.0,0.000196,0.000196,0.0
blue,6.055765611251853,-38.48651096995718,0.0,0.000196,0.000196,0.0
blue,5.592519848537676,-39.13873084689247,0.0,0.000196,0.000196,0.0
blue,5.102366774528234,-39.770670618974705,0.0,0.000196,0.000196,0.0
blue,4.551282564402813,-40.349231915330705,0.0,0.000196,0.000196,0.0
blue,3.9008837672262273,-40.81034230103108,0.0,0.000196,0.000196,0.0
blue,3.164147187428223,-41.109421345997845,0.0,0.000196,0.000196,0.0
blue,2.3762619354414998,-41.228753162069616,0.0,0.000196,0.000196,0.0
blue,1.577624063092146,-41.20164485354979,0.0,0.000196,0.000196,0.0
blue,0.7893888639913975,-41.07377468435076,0.0,0.000196,0.000196,0.0
blue,0.047130795141442694,-40.78314723572958,0.0,0.000196,0.000196,0.0
blue,-0.6082092492958742,-40.32592028628171,0.0,0.000196,0.000196,0.0
blue,-1.2338253302657334,-39.82732972598366,0.0,0.000196,0.000196,0.0
blue,-1.8548361516066265,-39.32300532518398,0.0,0.000196,0.000196,0.0
blue,-2.472863062932471,-38.81502730495355,0.0,0.000196,0.000196,0.0
blue,-3.089362816744942,-38.30519621149227,0.0,0.000196,0.000196,0.0
blue,-3.705586989005375,-37.79503179874885,0.0,0.000196,0.000196,0.0
blue,-4.322298767884379,-37.28545698555643,0.0,0.000196,0.000196,0.0
blue,-4.939509064471521,-36.776486057258424,0.0,0.000196,0.000196,0.0
blue,-5.557130510609041,-36.26801410407897,0.0,0.000196,0.000196,0.0
blue,-6.175046583177897,-35.759900228344236,0.0,0.000196,0.000196,0.0
blue,-6.793153277920201,-35.25201824717144,0.0,0.000196,0.000196,0.0
blue,-7.41135249059807,-34.74424887754751,0.0,0.000196,0.000196,0.0
blue,-8.029546299356173,-34.23647292922195,0.0,0.000196,0.000196,0.0
blue,-8.647634612640234,-33.728568575598636,0.0,0.000196,0.000196,0.0
blue,-9.265505489839548,-33.22039974082467,0.0,0.000196,0.000196,0.0
blue,-9.883093823982168,-32.71188757274903,0.0,0.000196,0.000196,0.0
blue,-10.500445865219508,-32.20308855128829,0.0,0.000196,0.000196,0.0
blue,-11.117649399569626,-31.694109382794036,0.0,0.000196,0.000196,0.0
blue,-11.7347935971089,-31.185058266134934,0.0,0.000196,0.000196,0.0
blue,-12.35197292770373,-30.676049746960214,0.0,0.000196,0.000196,0.0
blue,-12.969283059768031,-30.167199874266064,0.0,0.000196,0.000196,0.0
blue,-13.586812983065224,-29.658616773117643,0.0,0.000196,0.000196,0.0
blue,-14.204652454225737,-29.150409782971398,0.0,0.000196,0.000196,0.0
blue,-14.822891383896987,-28.642688827497818,0.0,0.000196,0.000196,0.0
blue,-15.44162256155846,-28.135567859264434,0.0,0.000196,0.000196,0.0
blue,-16.060680990608574,-27.62884637776967,0.0,0.000196,0.000196,0.0
blue,-16.6793199763509,-27.121613077899756,0.0,0.000196,0.000196,0.0
blue,-17.29677700898597,-26.612942289331674,0.0,0.000196,0.000196,0.0
blue,-17.912304827651226,-26.10193956905565,0.0,0.000196,0.000196,0.0
blue,-18.52556076034504,-25.58821288225659,0.0,0.000196,0.000196,0.0
blue,-19.151779545218396,-25.090569057306304,0.0,0.000196,0.000196,0.0
blue,-19.836315246449292,-24.679412776044895,0.0,0.000196,0.000196,0.0
blue,-20.590104674977265,-24.41604979104061,0.0,0.000196,0.000196,0.0
blue,-21.376469618141122,-24.273175261228243,0.0,0.000196,0.000196,0.0
blue,-22.17500308581,-24.246432826739287,0.0,0.000196,0.000196,0.0
blue,-22.9604097628086,-24.387758421108746,0.0,0.000196,0.000196,0.0
blue,-23.706853597442535,-24.672947863019964,0.0,0.000196,0.000196,0.0
blue,-24.420842901509612,-25.033269860861697,0.0,0.000196,0.000196,0.0
blue,-25.11526958556425,-25.430322925005417,0.0,0.000196,0.000196,0.0
blue,-25.79954673370605,-25.844748101184603,0.0,0.000196,0.000196,0.0
blue,-26.482757369336753,-26.260939867816894,0.0,0.000196,0.000196,0.0
blue,-27.173360501635003,-26.664704788361263,0.0,0.000196,0.000196,0.0
blue,-27.878365962800434,-27.04269064523076,0.0,0.000196,0.000196,0.0
blue,-28.594724333300736,-27.39874294275842,0.0,0.000196,0.000196,0.0
blue,-29.317311649955307,-27.742046866096747,0.0,0.000196,0.000196,0.0
blue,-30.043659571916475,-28.07732017621621,0.0,0.000196,0.000196,0.0
blue,-30.777344662137967,-28.396168096925674,0.0,0.000196,0.000196,0.0
blue,-31.52178698252504,-28.688763192116554,0.0,0.000196,0.000196,0.0
blue,-32.28186875722523,-28.9374854405977,0.0,0.000196,0.000196,0.0
blue,-33.06266194093803,-29.109528976459764,0.0,0.000196,0.000196,0.0
blue,-33.85675315345677,-29.201969516335094,0.0,0.000196,0.000196,0.0
blue,-34.65603723761461,-29.233390494098316,0.0,0.000196,0.000196,0.0
blue,-35.45598905294386,-29.24149552719952,0.0,0.000196,0.000196,0.0
blue,-36.25595007800027,-29.237130338922583,0.0,0.000196,0.000196,0.0
blue,-37.05541585243867,-29.2098487639349,0.0,0.000196,0.000196,0.0
blue,-37.8528499862201,-29.146985652728812,0.0,0.000196,0.000196,0.0
blue,-38.644913230132204,-29.036103391442957,0.0,0.000196,0.000196,0.0
blue,-39.42761535063164,-28.87204617856898,0.0,0.000196,0.000196,0.0
blue,-40.19621304370935,-28.65072338103727,0.0,0.000196,0.000196,0.0
blue,-40.94888723221849,-28.380210550154704,0.0,0.000196,0.000196,0.0
blue,-41.685320597379274,-28.068136565976864,0.0,0.000196,0.000196,0.0
blue,-42.40023715064669,-27.709487854246028,0.0,0.000196,0.000196,0.0
blue,-43.08708663705442,-27.299922565684756,0.0,0.000196,0.000196,0.0
blue,-43.74366374182915,-26.84324751540001,0.0,0.000196,0.000196,0.0
blue,-44.369761816349175,-26.345406072224147,0.0,0.000196,0.000196,0.0
blue,-44.97213537767603,-25.81910926050316,0.0,0.000196,0.000196,0.0
blue,-45.55029291802322,-25.266376440308143,0.0,0.000196,0.000196,0.0
blue,-46.095792076404855,-24.68139305093845,0.0,0.000196,0.000196,0.0
blue,-46.59408882764848,-24.056143176604955,0.0,0.000196,0.000196,0.0
blue,-47.024407814281496,-23.382528409335357,0.0,0.000196,0.000196,0.0
blue,-47.378190631945685,-22.665178058394986,0.0,0.000196,0.000196,0.0
blue,-47.68982658367595,-21.92876064794897,0.0,0.000196,0.000196,0.0
blue,-47.916551725115184,-21.16261546128141,0.0,0.000196,0.000196,0.0
blue,-48.01834599370161,-20.3707861220535,0.0,0.000196,0.000196,0.0
blue,-47.95896725411234,-19.574253875631307,0.0,0.000196,0.000196,0.0
blue,-47.784242033003395,-18.794592996720432,0.0,0.000196,0.000196,0.0
blue,-47.49798067629695,-18.048659858696226,0.0,0.000196,0.000196,0.0
blue,-47.098705868578605,-17.357956898694884,0.0,0.000196,0.000196,0.0
blue,-46.561849437819376,-16.76870150681084,0.0,0.000196,0.000196,0.0
blue,-45.895623098835124,-16.33018722639953,0.0,0.000196,0.000196,0.0
blue,-45.15471377141769,-16.03254722542354,0.0,0.000196,0.000196,0.0
blue,-44.37876655026118,-15.840843532387872,0.0,0.000196,0.000196,0.0
blue,-43.590617950735826,-15.703703389301142,0.0,0.000196,0.000196,0.0
blue,-42.80329662348913,-15.561881519680275,0.0,0.000196,0.000196,0.0
blue,-42.01733373270782,-15.412685996458029,0.0,0.000196,0.000196,0.0
blue,-41.23185479685996,-15.260954024559327,0.0,0.000196,0.000196,0.0
blue,-40.44657784545776,-15.108179572776823,0.0,0.000196,0.000196,0.0
blue,-39.66140530695493,-14.954869176732679,0.0,0.000196,0.000196,0.0
blue,-38.87623659722038,-14.801539165818527,0.0,0.000196,0.000196,0.0
blue,-38.09096822546507,-14.64872057382174,0.0,0.000196,0.000196,0.0
blue,-37.30550575346662,-14.49690328634487,0.0,0.000196,0.000196,0.0
blue,-36.51975709164268,-14.346574946593385,0.0,0.000196,0.000196,0.0
blue,-35.733633222406404,-14.198221666438245,0.0,0.000196,0.000196,0.0
blue,-34.947036504896076,-14.052396418466559,0.0,0.000196,0.000196,0.0
blue,-34.159879123459646,-13.909629825574468,0.0,0.000196,0.000196,0.0
blue,-33.37219720897951,-13.769786460125493,0.0,0.000196,0.000196,0.0
blue,-32.5840695953427,-13.63247625295658,0.0,0.000196,0.000196,0.0
blue,-31.79557476111511,-13.497289496702084,0.0,0.000196,0.000196,0.0
blue,-31.00678721766159,-13.363820275279865,0.0,0.000196,0.000196,0.0
blue,-30.21777512730101,-13.231684624591017,0.0,0.000196,0.000196,0.0
blue,-29.42862485447436,-13.100376612752823,0.0,0.000196,0.000196,0.0
blue,-28.639406397150527,-12.96947886799559,0.0,0.000196,0.000196,0.0
blue,-27.850189370213535,-12.838572504830617,0.0,0.000196,0.000196,0.0
blue,-27.061043528000997,-12.707237832010525,0.0,0.000196,0.000196,0.0
blue,-26.272033855176986,-12.575087618833479,0.0,0.000196,0.000196,0.0
blue,-25.483155890768394,-12.44215339965766,0.0,0.000196,0.000196,0.0
blue,-24.694378884356016,-12.3086213926456,0.0,0.000196,0.000196,0.0
blue,-23.905675361584827,-12.174655965132958,0.0,0.000196,0.000196,0.0
blue,-23.117017633254907,-12.040421157668835,0.0,0.000196,0.000196,0.0
blue,-22.32837784706597,-11.906080964145206,0.0,0.000196,0.000196,0.0
blue,-21.53972577358048,-11.771812930160019,0.0,0.000196,0.000196,0.0
blue,-20.75103255252934,-11.63778684795308,0.0,0.000196,0.000196,0.0
blue,-19.962270601890452,-11.504165922873481,0.0,0.000196,0.000196,0.0
blue,-19.17341389129545,-11.371105645010779,0.0,0.000196,0.000196,0.0
blue,-18.384453904731004,-11.238659031603433,0.0,0.000196,0.000196,0.0
blue,-17.595401346662566,-11.106764977311505,0.0,0.000196,0.000196,0.0
blue,-16.806272982121882,-10.975325230123284,0.0,0.000196,0.000196,0.0
blue,-16.017085875398614,-10.844238628214029,0.0,0.000196,0.000196,0.0
blue,-15.227854732232531,-10.713417392362611,0.0,0.000196,0.000196,0.0
blue,-14.438594159249956,-10.582773808918603,0.0,0.000196,0.000196,0.0
blue,-13.6493187095651,-10.452220125084324,0.0,0.000196,0.000196,0.0
blue,-12.860043916137341,-10.321662474096277,0.0,0.000196,0.000196,0.0
blue,-12.070785151508616,-10.191007967422815,0.0,0.000196,0.000196,0.0
blue,-11.281557010224327,-10.060168624709672,0.0,0.000196,0.000196,0.0
blue,-10.492374160113487,-9.92905640108242,0.0,0.000196,0.000196,0.0
blue,-9.703251356611288,-9.797583271959484,0.0,0.000196,0.000196,0.0
blue,-8.914206059184174,-9.665645790731684,0.0,0.000196,0.000196,0.0
blue,-8.12525461113147,-9.533148331159838,0.0,0.000196,0.000196,0.0
blue,-7.336410296875002,-9.400014616709138,0.0,0.000196,0.000196,0.0
blue,-6.547688582855417,-9.266156581032906,0.0,0.000196,0.000196,0.0
blue,-5.759105195269264,-9.131486063326372,0.0,0.000196,0.000196,0.0
blue,-4.970676163141431,-8.995914727571025,0.0,0.000196,0.000196,0.0
blue,-4.182426183710509,-8.859306205844614,0.0,0.000196,0.000196,0.0
blue,-3.3943489347339653,-8.721704823955923,0.0,0.000196,0.000196,0.0
blue,-2.606431959311617,-8.583188647988104,0.0,0.000196,0.000196,0.0
blue,-1.818662954376772,-8.443833323326416,0.0,0.000196,0.000196,0.0
blue,-1.0310293421657981,-8.303714677394577,0.0,0.000196,0.000196,0.0
blue,-0.24352022812003393,-8.162897909505556,0.0,0.000196,0.000196,0.0
blue,0.5438761680551228,-8.021452214806805,0.0,0.000196,0.000196,0.0
blue,1.331177611224039,-7.879478958354294,0.0,0.000196,0.000196,0.0
blue,2.118397363951406,-7.737053411952181,0.0,0.000196,0.000196,0.0
blue,2.9055488630760142,-7.594251091401014,0.0,0.000196,0.000196,0.0
blue,3.6926455731697443,-7.451147063977908,0.0,0.000196,0.000196,0.0
blue,4.479700019558148,-7.307810760870752,0.0,0.000196,0.000196,0.0
blue,5.266728032940952,-7.164329386586426,0.0,0.000196,0.000196,0.0
blue,6.053743848560549,-7.020781116682222,0.0,0.000196,0.000196,0.0
blue,6.840761129883874,-6.877240883488809,0.0,0.000196,0.000196,0.0
blue,7.627793581787242,-6.7337838591713775,0.0,0.000196,0.000196,0.0
blue,8.414855380960821,-6.590487937469647,0.0,0.000196,0.000196,0.0
blue,9.201962493490123,-6.447441139705359,0.0,0.000196,0.000196,0.0
blue,9.989127197204665,-6.304711629335706,0.0,0.000196,0.000196,0.0
blue,10.776364561864604,-6.162383485549046,0.0,0.000196,0.000196,0.0
blue,11.563711730840058,-6.020664214281862,0.0,0.000196,0.000196,0.0
blue,12.351231567477742,-5.879907746055458,0.0,0.000196,0.000196,0.0
blue,13.139002152065759,-5.7405617257827055,0.0,0.000196,0.000196,0.0
blue,13.927083018593976,-5.602982222218248,0.0,0.000196,0.000196,0.0
blue,14.715530498958293,-5.467520694253192,0.0,0.000196,0.000196,0.0
blue,15.504400831278096,-5.3345447473576835,0.0,0.000196,0.000196,0.0
blue,16.293746701096982,-5.20442135162755,0.0,0.000196,0.000196,0.0
blue,17.083633297283054,-5.077621419206398,0.0,0.000196,0.000196,0.0
blue,17.874109835413638,-4.95455508837427,0.0,0.000196,0.000196,0.0
blue,18.665083042266094,-4.834719252962147,0.0,0.000196,0.000196,0.0
blue,19.45608090927905,-4.715045689523556,0.0,0.000196,0.000196,0.0
blue,20.24647520497761,-4.591465355866371,0.0,0.000196,0.000196,0.0
blue,21.035553048841283,-4.459758345775242,0.0,0.000196,0.000196,0.0
blue,21.822362100306435,-4.31513801776611,0.0,0.000196,0.000196,0.0
blue,22.606434623294618,-4.156344021921348,0.0,0.000196,0.000196,0.0
blue,23.388759301847745,-3.989119789500526,0.0,0.000196,0.000196,0.0
blue,24.170643473453456,-3.8198367147400574,0.0,0.000196,0.000196,0.0
blue,24.95337639178636,-3.6545428983003143,0.0,0.000196,0.000196,0.0
blue,25.738017909315804,-3.498570368541376,0.0,0.000196,0.000196,0.0
blue,26.523883334084456,-3.3488523429329837,0.0,0.000196,0.000196,0.0
blue,27.308435738157787,-3.192463451674476,0.0,0.000196,0.000196,0.0
blue,28.08514901322546,-3.00203833384778,0.0,0.000196,0.000196,0.0
blue,28.826257056584854,-2.705237812899776,0.0,0.000196,0.000196,0.0
blue,29.46736705894576,-2.2309697639583614,0.0,0.000196,0.000196,0.0
blue,29.958918082029765,-1.604963625351354,0.0,0.000196,0.000196,0.0
blue,30.062639090151276,-0.8253343420302225,0.0,0.000196,0.000196,0.0
blue,29.937709346389536,-0.036940420449552425,0.0,0.000196,0.000196,0.0
blue,29.590912238585087,0.6811724517604363,0.0,0.000196,0.000196,0.0
blue,29.05358290224829,1.2565726541737687,0.0,0.000196,0.000196,0.0
blue,28.278025832328495,1.408046818415904,0.0,0.000196,0.000196,0.0
blue,27.480689770182927,1.3489855358356873,0.0,0.000196,0.000196,0.0
blue,26.68491352318626,1.2669351858608915,0.0,0.000196,0.000196,0.0
blue,25.88845855287784,1.191722699729539,0.0,0.000196,0.000196,0.0
blue,25.091775202554956,1.1189515899896412,0.0,0.000196,0.000196,0.0
blue,24.29508431899579,1.046262966409314,0.0,0.000196,0.000196,0.0
blue,23.498390575039124,0.9736057013313859,0.0,0.000196,0.000196,0.0
blue,22.701692893722136,0.9009916238795713,0.0,0.000196,0.000196,0.0
blue,21.904990169720712,0.828432895403595,0.0,0.000196,0.000196,0.0
blue,21.108281329061978,0.7559413599530243,0.0,0.000196,0.000196,0.0
blue,20.311564961366123,0.6835325976172355,0.0,0.000196,0.000196,0.0
blue,19.514840062662085,0.6112177670423119,0.0,0.000196,0.000196,0.0
blue,18.71810567990428,0.5390075068690134,0.0,0.000196,0.000196,0.0
blue,17.921360742492915,0.46691379951943224,0.0,0.000196,0.000196,0.0
blue,17.124604191038575,0.39494856043911125,0.0,0.000196,0.000196,0.0
blue,16.327834814840156,0.32312544796972786,0.0,0.000196,0.000196,0.0
blue,15.531051019200135,0.25146248142671224,0.0,0.000196,0.000196,0.0
blue,14.734252326660933,0.17996534954917026,0.0,0.000196,0.000196,0.0
blue,13.937437696449535,0.10864606497108927,0.0,0.000196,0.000196,0.0
blue,13.14060611113173,0.037516467197464924,0.0,0.000196,0.000196,0.0
blue,12.343756541745273,-0.033411381718110006,0.0,0.000196,0.000196,0.0
blue,11.546887199070138,-0.10411673448482853,0.0,0.000196,0.000196,0.0
blue,10.749997423795339,-0.17459141165238512,0.0,0.000196,0.000196,0.0
blue,9.9530866212342,-0.24482790362652726,0.0,0.000196,0.000196,0.0
blue,9.156154709000196,-0.3148244718211663,0.0,0.000196,0.000196,0.0
blue,8.359202354863692,-0.38458792412941484,0.0,0.000196,0.000196,0.0
blue,7.56223005279789,-0.45412313759633327,0.0,0.000196,0.000196,0.0
blue,6.765237955181459,-0.5234310902082704,0.0,0.000196,0.000196,0.0
blue,5.968227631741723,-0.5925291288353903,0.0,0.000196,0.000196,0.0
blue,5.171199782181143,-0.6614247128483292,0.0,0.000196,0.000196,0.0
blue,4.374155098012394,-0.7301252714764954,0.0,0.000196,0.000196,0.0
blue,3.5770942674110726,-0.7986382571466597,0.0,0.000196,0.000196,0.0
blue,2.780017401658533,-0.8669644431166348,0.0,0.000196,0.000196,0.0
blue,1.9829255797590215,-0.9351159239141753,0.0,0.000196,0.000196,0.0
blue,1.185819729423259,-1.0031031274172364,0.0,0.000196,0.000196,0.0
blue,0.3887005161199769,-1.0709334788014488,0.0,0.000196,0.000196,0.0
big_orange,-0.09302847264968354,1.0960591696055773,0.0,0.000196,0.000196,0.0
big_orange,-0.8901654307353628,1.0284376604655625,0.0,0.000196,0.000196,0.0
big_orange,0.09302847264968354,-1.0960591696055773,0.0,0.000196,0.000196,0.0
big_orange,-0.7041084847410979,-1.1636806869393312,0.0,0.000196,0.000196,0.0
car_start,0.0,0.0,0.0,0.0,0.0,0.0
