track,planner,points,planning_time_ms,centerline_time_ms,smoothing_time_ms,path_length_m,min_clearance_m,between_rows_pct,rrt_segments,rrt_solved,rrt_solved_pct
small_track,midpoint,310,1.2,0.7,0.5,104.1,1.92,99.5,,,
small_track,rrt,285,81.8,80.2,1.6,101.5,1.14,99.5,31,31,100.0
small_track,rrt-lsq,171,108.7,107.1,1.7,100.1,0.58,99.5,31,31,100.0
hairpins_increasing_difficulty,midpoint,4910,31.8,25.1,6.7,831.4,0.98,100.0,,,
hairpins_increasing_difficulty,rrt,2745,1433.9,1421.8,12.1,815.4,0.16,100.0,491,489,99.6
hairpins_increasing_difficulty,rrt-lsq,1698,1472.4,1468.0,4.4,812.2,0.13,100.0,491,489,99.6
peanut,midpoint,650,2.5,1.7,0.7,103.8,1.8,100.0,,,
peanut,rrt,415,47.3,45.9,1.5,99.8,1.0,100.0,65,65,100.0
peanut,rrt-lsq,255,44.6,42.4,2.3,99.6,0.67,100.0,65,65,100.0
Austin_cones,midpoint,5340,42.1,33.9,8.2,420.1,0.98,100.0,,,
Austin_cones,rrt,2670,33739.3,33723.0,16.3,408.1,0.08,100.0,534,0,0.0
Austin_cones,rrt-lsq,1602,39800.8,39789.2,11.6,402.8,0.03,99.6,534,0,0.0
BrandsHatch_cones,midpoint,4360,26.3,21.3,5.0,356.0,0.99,100.0,,,
BrandsHatch_cones,rrt,2180,23175.3,23158.7,16.7,351.5,0.35,100.0,436,0,0.0
BrandsHatch_cones,rrt-lsq,1308,28508.0,28487.8,20.2,350.5,0.02,99.9,436,0,0.0
Budapest_cones,midpoint,4940,67.1,56.8,10.3,402.0,0.98,100.0,,,
Budapest_cones,rrt,2470,29777.7,29753.4,24.3,394.1,0.27,100.0,494,0,0.0
Budapest_cones,rrt-lsq,1482,32252.8,32238.0,14.8,391.1,0.06,99.8,494,0,0.0
Catalunya_cones,midpoint,5120,81.7,67.7,14.0,416.1,0.84,100.0,,,
Catalunya_cones,rrt,2560,27748.3,27735.2,13.1,407.9,0.14,100.0,512,0,0.0
Catalunya_cones,rrt-lsq,1536,32658.2,32653.1,5.1,404.9,0.04,99.9,512,0,0.0
Hockenheim_cones,midpoint,4410,46.2,41.3,5.0,358.5,0.55,100.0,,,
Hockenheim_cones,rrt,2205,21847.5,21836.2,11.3,349.5,0.07,99.9,441,0,0.0
Hockenheim_cones,rrt-lsq,1323,25355.9,25350.1,5.8,346.3,0.01,99.6,441,0,0.0
IMS_cones,midpoint,3750,35.8,33.2,2.5,293.0,0.99,100.0,,,
IMS_cones,rrt,1875,15784.9,15775.6,9.3,292.5,0.89,100.0,375,0,0.0
IMS_cones,rrt-lsq,1125,18114.4,18109.8,4.6,292.9,1.01,100.0,375,0,0.0
Melbourne_cones,midpoint,5840,88.8,80.4,8.4,473.3,0.89,100.0,,,
Melbourne_cones,rrt,2920,45994.3,45979.4,14.9,466.3,0.21,100.0,584,0,0.0
Melbourne_cones,rrt-lsq,1752,58132.6,58127.0,5.6,463.6,0.04,99.9,584,0,0.0
MexicoCity_cones,midpoint,4380,50.7,43.1,7.6,355.0,0.78,100.0,,,
MexicoCity_cones,rrt,2190,27047.1,27021.8,25.3,345.6,0.09,99.9,438,0,0.0
MexicoCity_cones,rrt-lsq,1314,35590.6,35586.0,4.6,341.3,0.05,98.5,438,0,0.0
Montreal_cones,midpoint,3480,48.5,40.5,7.9,283.3,0.59,100.0,,,
Montreal_cones,rrt,1740,19775.6,19768.8,6.9,274.0,0.03,100.0,348,0,0.0
Montreal_cones,rrt-lsq,1044,23147.2,23143.6,3.6,270.4,0.08,99.5,348,0,0.0
Monza_cones,midpoint,5490,100.0,87.7,12.3,445.2,0.63,100.0,,,
Monza_cones,rrt,2745,58788.5,58737.7,50.8,441.0,0.18,99.9,549,0,0.0
Monza_cones,rrt-lsq,1647,73140.3,73126.5,13.9,439.9,0.05,99.9,549,0,0.0
MoscowRaceway_cones,midpoint,4120,170.6,135.5,35.1,321.9,1.0,100.0,,,
MoscowRaceway_cones,rrt,2060,35068.1,35028.7,39.4,310.8,0.21,100.0,412,0,0.0
MoscowRaceway_cones,rrt-lsq,1236,40717.0,40710.4,6.7,305.0,0.02,98.7,412,0,0.0
Nuerburgring_cones,midpoint,5490,96.9,89.1,7.8,445.4,0.96,100.0,,,
Nuerburgring_cones,rrt,2745,53651.4,53639.0,12.3,434.8,0.12,99.7,549,0,0.0
Nuerburgring_cones,rrt-lsq,1647,52783.5,52777.2,6.3,429.8,0.03,98.7,549,0,0.0
Oschersleben_cones,midpoint,3170,50.3,46.6,3.7,260.0,0.92,100.0,,,
Oschersleben_cones,rrt,1585,14838.1,14831.2,6.9,251.3,0.24,100.0,317,0,0.0
Oschersleben_cones,rrt-lsq,951,17522.0,17515.1,6.9,246.8,0.02,97.4,317,0,0.0
Sakhir_cones,midpoint,5440,109.0,95.0,14.0,440.3,0.71,100.0,,,
Sakhir_cones,rrt,2720,37140.1,37122.0,18.1,429.9,0.02,99.8,544,0,0.0
Sakhir_cones,rrt-lsq,1632,42294.1,42285.9,8.2,426.3,0.03,98.9,544,0,0.0
SaoPaulo_cones,midpoint,4390,58.4,51.0,7.4,344.1,0.96,100.0,,,
SaoPaulo_cones,rrt,2195,22982.9,22965.4,17.5,336.5,0.14,100.0,439,0,0.0
SaoPaulo_cones,rrt-lsq,1317,29643.8,29638.2,5.6,333.5,0.04,98.9,439,0,0.0
Sepang_cones,midpoint,6000,106.9,95.7,11.2,486.4,0.98,100.0,,,
Sepang_cones,rrt,3000,44204.5,44188.7,15.7,476.5,0.19,100.0,600,0,0.0
Sepang_cones,rrt-lsq,1800,47282.2,47272.9,9.3,472.1,0.02,99.4,600,0,0.0
Shanghai_cones,midpoint,6150,89.0,78.8,10.2,496.4,0.48,100.0,,,
Shanghai_cones,rrt,3075,42072.9,42056.4,16.5,484.4,0.01,99.7,615,0,0.0
Shanghai_cones,rrt-lsq,1845,46960.4,46953.7,6.7,479.7,0.02,98.8,615,0,0.0
Silverstone_cones,midpoint,5630,86.5,75.6,10.9,457.4,0.98,100.0,,,
Silverstone_cones,rrt,2815,34621.7,34600.0,21.7,449.5,0.21,100.0,563,0,0.0
Silverstone_cones,rrt-lsq,1689,41006.4,41000.0,6.4,445.4,0.01,99.8,563,0,0.0
Sochi_cones,midpoint,5710,73.2,65.9,7.3,462.5,0.72,100.0,,,
Sochi_cones,rrt,2855,38195.1,38182.5,12.6,454.2,0.04,100.0,571,0,0.0
Sochi_cones,rrt-lsq,1713,41394.9,41389.3,5.7,451.4,0.03,99.4,571,0,0.0
Spa_cones,midpoint,6850,106.8,96.6,10.2,553.9,0.95,100.0,,,
Spa_cones,rrt,3425,49705.5,49680.6,24.9,544.0,0.02,99.8,685,0,0.0
Spa_cones,rrt-lsq,2055,55341.3,55331.6,9.6,540.0,0.04,99.4,685,0,0.0
Spielberg_cones,midpoint,4210,47.5,42.4,5.1,342.2,0.57,100.0,,,
Spielberg_cones,rrt,2105,18256.4,18246.4,10.0,337.0,0.05,100.0,421,0,0.0
Spielberg_cones,rrt-lsq,1263,22207.8,22202.1,5.7,335.8,0.03,99.6,421,0,0.0
YasMarina_cones,midpoint,5080,64.4,56.8,7.6,396.4,0.67,100.0,,,
YasMarina_cones,rrt,2540,27287.2,27273.9,13.3,382.6,0.04,99.8,508,0,0.0
YasMarina_cones,rrt-lsq,1524,35984.8,35977.9,6.9,377.9,0.04,98.5,508,0,0.0
Zandvoort_cones,midpoint,4760,60.8,53.9,6.9,387.3,0.85,100.0,,,
Zandvoort_cones,rrt,2380,27714.4,27699.6,14.8,379.4,0.22,100.0,476,0,0.0
Zandvoort_cones,rrt-lsq,1428,32524.1,32517.2,6.9,376.0,0.06,99.7,476,0,0.0
